Year,Model,WYT,Excel_R2,Sklearn_R2,MAE,Custom_Loss,Percentage_Bias
1923,MSO,BN,0.7105341213003097,-0.8377658768623426,191.85506419444442,74686.24056870388,68.39210907236503
1923,lstm_h3_64_32_16_a0.1_b0.1,BN,0.9788592028496488,0.962014136435951,31.532689777777787,3488.6089869240677,-6.798282092921915
1923,lstm_h3_16_8_4_a0.1_b0.1,BN,0.7084382260310582,0.6033506609622217,88.27760444444444,16360.075498321352,20.120935556699834
1923,lstm_h2_32_16_a0.1_b0.1,BN,0.8127191455873991,0.7796554984455587,65.00244633333334,9456.639834472926,-10.589730146155972
1924,MSO,C,0.38127968180585786,-4.873148204211986,138.50994608333335,37386.82642370419,116.39368757610683
1924,lstm_h3_64_32_16_a0.1_b0.1,C,0.8126177235555895,0.8053006614353696,27.37245177777778,1535.482374428623,-3.9492455584365653
1924,lstm_h3_16_8_4_a0.1_b0.1,C,0.2993476418742642,-0.07865190806623956,63.943685111111094,6967.481487313246,32.8996990300586
1924,lstm_h2_32_16_a0.1_b0.1,C,0.5136337043612159,0.45798840430932763,41.430172666666664,3713.2267185062433,-7.720627484874678
1925,MSO,D,0.5943691373779012,0.5472180439285728,108.03040389222221,27661.123642063318,13.033257894601423
1925,lstm_h3_64_32_16_a0.1_b0.1,D,0.9596557845295751,0.944517244645004,43.93171266666666,6789.630797313252,1.1523783028922046
1925,lstm_h3_16_8_4_a0.1_b0.1,D,0.6461020393954467,0.46827125999631825,118.11533922222222,32849.135401442734,22.821698100033053
1925,lstm_h2_32_16_a0.1_b0.1,D,0.903788248023471,0.8766337466340735,58.37652888888889,10388.680954976488,11.714141339899273
1926,MSO,D,0.5908173347562642,0.5697569551740489,124.46376505444444,35336.08249026476,-5.566624486839719
1926,lstm_h3_64_32_16_a0.1_b0.1,D,0.9473407175466579,0.9413385440011678,48.46712044444446,9472.411315012672,-0.5443080050825808
1926,lstm_h3_16_8_4_a0.1_b0.1,D,0.6395663509270483,0.6068614919460764,130.99145000000001,32234.6912533008,-1.054514067888894
1926,lstm_h2_32_16_a0.1_b0.1,D,0.8006287218677377,0.7740132418873124,96.02859111111113,20478.16625664327,0.3836638228353476
1927,MSO,W,0.7276370442979001,0.5669078482822857,159.06403846333333,80761.35510278585,-23.275456792920437
1927,lstm_h3_64_32_16_a0.1_b0.1,W,0.9931887400409141,0.9901720245406338,35.45859377777779,14539.185407588711,0.8851437186344421
1927,lstm_h3_16_8_4_a0.1_b0.1,W,0.7670416708803334,0.7475045793498623,150.29638444444444,49366.720448981534,8.170639598521308
1927,lstm_h2_32_16_a0.1_b0.1,W,0.9190888407985984,0.9042024667895344,98.04781888888891,24659.515676795494,-8.518295987278265
1928,MSO,AN,0.5180119911277045,0.4974505741696893,186.27144070666668,101722.00684325788,1.2797665243277718
1928,lstm_h3_64_32_16_a0.1_b0.1,AN,0.9778678038742922,0.9650995348600044,55.5650138888889,20298.782613603373,0.9545367062667738
1928,lstm_h3_16_8_4_a0.1_b0.1,AN,0.5486060370654328,0.5115554472497659,199.47218366666664,98040.18913136738,7.472501647697374
1928,lstm_h2_32_16_a0.1_b0.1,AN,0.9241472296138131,0.8694456678200162,125.40502888888889,33889.92936428394,14.769268643903525
1929,MSO,C,0.6914231376100481,-3.5168738895176848,161.36964186666668,50699.41310843962,93.07148781588566
1929,lstm_h3_64_32_16_a0.1_b0.1,C,0.8718235019307068,0.8622014477298402,23.28531711111111,1819.086805964373,-4.594214116289492
1929,lstm_h3_16_8_4_a0.1_b0.1,C,0.8667375219407634,0.6077304278807526,43.06640966666667,5027.741809149059,20.187051285338825
1929,lstm_h2_32_16_a0.1_b0.1,C,0.7649304458803741,0.7323354215190129,41.36664888888889,3695.139713501927,6.606178601192393
1930,MSO,D,0.913535493706574,0.8973956272639899,55.181851124444435,6576.263535864914,8.044722670107285
1930,lstm_h3_64_32_16_a0.1_b0.1,D,0.9590555744609299,0.9529063111075424,36.62265255555555,3991.0308253969533,-3.049252784191218
1930,lstm_h3_16_8_4_a0.1_b0.1,D,0.9584231223057526,0.7178613404872121,102.69122666666665,15775.991080668224,31.38058671737065
1930,lstm_h2_32_16_a0.1_b0.1,D,0.9584768677705129,0.9301524133801334,44.11957333333334,5371.125458709905,10.649845850876021
1931,MSO,C,0.7685276409382624,-4.270686852653125,131.74702521333333,31590.17838704802,99.28646529332433
1931,lstm_h3_64_32_16_a0.1_b0.1,C,0.8106540990272205,0.7832775409690059,28.16544644444445,1613.1636001047345,-8.528741233985153
1931,lstm_h3_16_8_4_a0.1_b0.1,C,0.7300131265035237,-3.6364137445349156,127.68563522222222,27545.103489931746,95.9352615475388
1931,lstm_h2_32_16_a0.1_b0.1,C,0.5750332172811744,0.5312770645195989,38.253420222222225,3095.3306733500754,9.313510451786925
1932,MSO,D,0.6897333956490558,0.4694331850551462,100.65009314666668,32743.577695004937,27.379817287492706
1932,lstm_h3_64_32_16_a0.1_b0.1,D,0.9518420581877497,0.945973411720635,38.69588777777778,5321.1011193474005,-0.5811748680988852
1932,lstm_h3_16_8_4_a0.1_b0.1,D,0.8393322556710775,0.6245375045121191,106.07138822222224,24935.54477410296,20.981794751543184
1932,lstm_h2_32_16_a0.1_b0.1,D,0.8831034804529343,0.8538629834231003,66.38857555555555,11559.49902497181,10.983949791372133
1933,MSO,C,0.46009318179300046,-0.32905609391929347,100.29163747333332,24022.369254356956,38.64156116823748
1933,lstm_h3_64_32_16_a0.1_b0.1,C,0.9170737158324277,0.8904012287535229,35.366472888888886,2380.2675841853315,-5.276068401151315
1933,lstm_h3_16_8_4_a0.1_b0.1,C,0.5688793778249686,0.43728926470126694,69.86052677777778,10385.796074725495,11.958456967097465
1933,lstm_h2_32_16_a0.1_b0.1,C,0.6724337330170592,0.6146666947415631,56.97869822222223,8549.21586922498,-11.84210373045883
1934,MSO,C,0.7432254372690984,-2.6216778105778094,178.02406763222223,56622.8273692265,95.55773893302323
1934,lstm_h3_64_32_16_a0.1_b0.1,C,0.9752472537658031,0.9631840243456725,17.47398777777778,826.9740407030379,1.5512631955627159
1934,lstm_h3_16_8_4_a0.1_b0.1,C,0.5523011166086448,-0.9935550773111261,127.17845733333333,31196.29954942271,57.56825216198485
1934,lstm_h2_32_16_a0.1_b0.1,C,0.7942366618812019,0.7714521822564198,43.409010888888886,4011.342660733955,4.994744557762271
1935,MSO,BN,0.4448694725980067,0.39017865364451254,226.97466219444445,124385.58354417582,-16.32688329896645
1935,lstm_h3_64_32_16_a0.1_b0.1,BN,0.991662469332878,0.9754760730142387,42.48349888888889,18587.81084610515,-4.05989486278703
1935,lstm_h3_16_8_4_a0.1_b0.1,BN,0.6038414223294618,0.6034043530778005,196.79760988888887,85387.86504911285,-0.2238605213584025
1935,lstm_h2_32_16_a0.1_b0.1,BN,0.9223677166601704,0.9207846643845808,100.27843533333333,29019.100136669254,-0.10648434397435026
1936,MSO,BN,0.8000381854026882,0.5199660716197126,133.1813057488889,50990.899112484854,-29.7405094345334
1936,lstm_h3_64_32_16_a0.1_b0.1,BN,0.9634729187046541,0.9569259997446077,44.433483333333335,7072.349328219234,3.4962402302558235
1936,lstm_h3_16_8_4_a0.1_b0.1,BN,0.9092661084047113,0.593605005178919,143.45795511111112,42709.247540906814,-32.035371957422534
1936,lstm_h2_32_16_a0.1_b0.1,BN,0.9903023887061438,0.9878539654894717,24.670056000000006,4909.6949837855545,-2.774022876708923
1937,MSO,BN,0.5689070549353946,0.4784384284214679,144.20318284000004,41312.27096427945,-19.812989435932202
1937,lstm_h3_64_32_16_a0.1_b0.1,BN,0.9698573084174263,0.9590544835714386,39.783840777777776,6827.49711886118,-5.277933118644074
1937,lstm_h3_16_8_4_a0.1_b0.1,BN,0.8232811540800907,0.5704447690338976,115.43753366666667,34188.163339536506,-30.782173661016948
1937,lstm_h2_32_16_a0.1_b0.1,BN,0.8655153389425939,0.8355130780419852,69.14903855555555,16653.469063907356,-12.953932033898289
1938,MSO,W,0.7008080631349312,0.2982006013012377,361.4604826744445,269697.76803113346,-38.66904417946176
1938,lstm_h3_64_32_16_a0.1_b0.1,W,0.9759993070332545,0.9728591630703417,79.17886666666668,29351.90811581172,3.291747875354115
1938,lstm_h3_16_8_4_a0.1_b0.1,W,0.7238087233365117,0.7203821559246568,217.69987555555554,114748.66973774046,3.962130594900843
1938,lstm_h2_32_16_a0.1_b0.1,W,0.9596816570710891,0.9564982943149061,89.17662333333335,31936.478258445444,-2.3755499999999974
1939,MSO,D,0.6711728430710456,-2.108713907727518,148.00887533111108,41202.38459426943,89.3619435378378
1939,lstm_h3_64_32_16_a0.1_b0.1,D,0.9798046272757673,0.975481119720956,12.58701277777778,1179.2639877445893,4.062823310810816
1939,lstm_h3_16_8_4_a0.1_b0.1,D,0.7537638070005352,0.572695764266808,52.039050333333336,5879.472955969844,24.21094777027028
1939,lstm_h2_32_16_a0.1_b0.1,D,0.9437779191880717,0.8510002044584265,26.694393,2563.327443152265,-16.233076824324318
1940,MSO,AN,0.7171533720050227,0.0019843600325583077,328.3532782066667,294868.4951443983,-54.552795847593735
1940,lstm_h3_64_32_16_a0.1_b0.1,AN,0.9954359670147853,0.983409169810154,48.70838488888891,13971.433052875405,-4.395740082331899
1940,lstm_h3_16_8_4_a0.1_b0.1,AN,0.7748016966404287,0.6781498703870481,208.927686,96860.4130682753,-11.635002233667462
1940,lstm_h2_32_16_a0.1_b0.1,AN,0.9911936731116618,0.968363614837551,78.99399888888888,18874.570129489803,0.711773642723965
1941,MSO,W,0.9108700858099867,0.7877697212930348,114.39990270666665,37427.47753034852,-18.488043173998943
1941,lstm_h3_64_32_16_a0.1_b0.1,W,0.9863105549783509,0.985568758971794,34.12087333333333,8851.810173159474,1.3857392709642524
1941,lstm_h3_16_8_4_a0.1_b0.1,W,0.8778070575703708,0.834595856579507,113.74146577777778,29824.651026200456,-12.471200790087982
1941,lstm_h2_32_16_a0.1_b0.1,W,0.9553845231622362,0.9503038824458159,60.18572444444445,12962.419195804157,3.3736322499551017
1942,MSO,W,0.7305909656394055,0.6287358169410119,189.0227027155555,60139.7098150915,-18.4512253531306
1942,lstm_h3_64_32_16_a0.1_b0.1,W,0.9806478317561687,0.9802026882179548,41.56056155555555,11872.664135085139,0.3243031484794362
1942,lstm_h3_16_8_4_a0.1_b0.1,W,0.5860515172156409,0.30219668545495504,247.39759166666667,106729.75090042947,-31.104369320214666
1942,lstm_h2_32_16_a0.1_b0.1,W,0.9500262055760559,0.9469071057725208,71.06467555555557,14771.330018682005,-3.1964683363148447
1943,MSO,W,0.7547861051865722,0.574638057130599,155.98587364999997,74033.71334835164,-24.413111482730432
1943,lstm_h3_64_32_16_a0.1_b0.1,W,0.9766676623160284,0.9754118401831309,39.80227222222222,10652.077569838559,2.3531974248927217
1943,lstm_h3_16_8_4_a0.1_b0.1,W,0.8180282601120872,0.7180630189771884,135.2694782222222,49788.51079056146,-18.256941426527693
1943,lstm_h2_32_16_a0.1_b0.1,W,0.9692371132765042,0.9542678941611318,65.11237,12816.646411345446,4.094033312895995
1944,MSO,D,0.5968810093531476,0.5446694424264411,90.46141551444445,16055.556692996997,2.2807345177843894
1944,lstm_h3_64_32_16_a0.1_b0.1,D,0.9415081855190158,0.9361864631179748,32.73932777777779,3558.3828627874564,-4.263585474772789
1944,lstm_h3_16_8_4_a0.1_b0.1,D,0.8710670025854567,0.5612374423188384,80.02073211111112,15024.041125153715,-27.189909942024446
1944,lstm_h2_32_16_a0.1_b0.1,D,0.8919314808412979,0.8710672370929684,49.22010377777777,5613.050283598841,8.42048832654341
1945,MSO,BN,0.641998119009461,0.5296778206091555,111.16638442555556,31974.317956546216,16.928324723725254
1945,lstm_h3_64_32_16_a0.1_b0.1,BN,0.9879232504328455,0.9437607488132962,40.648798888888884,8046.524765609532,-6.964462728372258
1945,lstm_h3_16_8_4_a0.1_b0.1,BN,0.5200609911793223,0.4545020802166473,132.26229666666666,36375.62827452077,10.692083200712968
1945,lstm_h2_32_16_a0.1_b0.1,BN,0.7332786785562707,0.672382421200086,82.93395222222223,22032.284595785884,-7.017550130498461
1946,MSO,BN,0.789426725466587,-0.6320939552924829,207.15042799999998,84399.18139169802,62.336293031964665
1946,lstm_h3_64_32_16_a0.1_b0.1,BN,0.959524672152629,0.9563153138336622,28.493026666666665,4222.665053776701,3.308710044135337
1946,lstm_h3_16_8_4_a0.1_b0.1,BN,0.6776568408342943,0.4495700491786665,128.5826881111111,29646.303004018668,20.065382740403894
1946,lstm_h2_32_16_a0.1_b0.1,BN,0.9790905084577914,0.9403033463518857,40.92723488888888,6126.974647136226,9.789051290624574
1947,MSO,D,0.6563543718110321,-0.48574027754045135,142.05117798333333,43281.31638268029,62.53152392748203
1947,lstm_h3_64_32_16_a0.1_b0.1,D,0.9786260855582328,0.9687469405578637,21.953603666666666,2165.113487830675,-3.8799740726163656
1947,lstm_h3_16_8_4_a0.1_b0.1,D,0.8542935172251698,0.13761141877502792,126.54090266666665,25437.241376060232,56.030115320279435
1947,lstm_h2_32_16_a0.1_b0.1,D,0.9161699869658874,0.9021348483840453,39.76463044444444,4085.506367149891,0.4273272655711689
1948,MSO,BN,0.39782711391274783,0.3029538774400675,198.85499582666668,73193.72663754661,-23.399069836328266
1948,lstm_h3_64_32_16_a0.1_b0.1,BN,0.9522602633828304,0.929288799337618,69.64632777777777,12427.083532543838,-3.3871034107817466
1948,lstm_h3_16_8_4_a0.1_b0.1,BN,0.5370008148032975,0.45969248090710346,181.87716044444446,57866.07170769793,-18.65641135401167
1948,lstm_h2_32_16_a0.1_b0.1,BN,0.8735887394253415,0.8694086861050792,92.23749766666667,18165.87747563553,4.253051991530261
1949,MSO,D,0.5836377436764619,0.4023740496839435,103.4623727311111,31266.32202037544,31.78317552495697
1949,lstm_h3_64_32_16_a0.1_b0.1,D,0.9733462034612869,0.9678658741376451,29.04646166666667,4005.615979867926,1.6612527031201791
1949,lstm_h3_16_8_4_a0.1_b0.1,D,0.6889331609012483,0.6369775418130216,100.83031244444443,19182.992078993237,18.32726987069158
1949,lstm_h2_32_16_a0.1_b0.1,D,0.9742724536024019,0.9710228944873869,28.1373788888889,4257.424324457729,-3.151577298203816
1950,MSO,BN,0.8731979408106579,0.4772541421746952,137.60456771111112,41267.14648365661,-34.05088116461984
1950,lstm_h3_64_32_16_a0.1_b0.1,BN,0.994369486487584,0.9811044308409022,28.204979999999995,4416.251777164648,-3.7276390230440035
1950,lstm_h3_16_8_4_a0.1_b0.1,BN,0.8772650109864154,0.8549108380401123,88.48041777777777,13377.093145250672,-7.1692093279977795
1950,lstm_h2_32_16_a0.1_b0.1,BN,0.9453329893009697,0.928032646217222,57.97555333333334,9157.965905527051,-1.7008400717538301
1951,MSO,AN,0.8258952338647602,0.6944654431555877,109.3334373811111,24971.529571163854,18.718516734956232
1951,lstm_h3_64_32_16_a0.1_b0.1,AN,0.9834457175229541,0.9791607432164473,28.477919555555545,3003.5084493167833,2.6046078774617025
1951,lstm_h3_16_8_4_a0.1_b0.1,AN,0.9086727150835863,0.7353312150528507,94.75149066666667,21611.290986056003,18.22131137855579
1951,lstm_h2_32_16_a0.1_b0.1,AN,0.8480418821660932,0.8394759447044331,80.39200777777779,13196.072362006487,-1.576515317286643
1952,MSO,W,0.5945396664680149,0.44529772593707484,300.66144624444445,215526.10631076797,-25.114792283801123
1952,lstm_h3_64_32_16_a0.1_b0.1,W,0.9661124927838914,0.9575052161619119,90.3738711111111,38297.397720493995,-4.49625958113691
1952,lstm_h3_16_8_4_a0.1_b0.1,W,0.53657383059201,0.5301565732339676,303.1693855555556,189822.56929806172,2.6786341359167922
1952,lstm_h2_32_16_a0.1_b0.1,W,0.9888385450115401,0.9766237748315968,70.34989444444442,30657.77113095568,-1.359942584413725
1953,MSO,W,0.3911740807655067,0.33257115687368743,199.97147973111112,97883.22452667766,-13.409752313783626
1953,lstm_h3_64_32_16_a0.1_b0.1,W,0.9741370269844668,0.9715509780043903,44.07505666666666,13377.680447966355,0.961326910861706
1953,lstm_h3_16_8_4_a0.1_b0.1,W,0.3371230214165799,0.0956871073616603,257.4807465555556,128828.08761705432,-32.53188056320137
1953,lstm_h2_32_16_a0.1_b0.1,W,0.9532144818051064,0.9466082675284851,63.11046000000002,17138.198289496875,0.7951073470251976
1954,MSO,AN,0.7822883879082868,0.6064049612847533,119.18256991999998,42962.98441648961,-23.223486034042548
1954,lstm_h3_64_32_16_a0.1_b0.1,AN,0.9794603479668713,0.9793749577057889,31.583838888888895,8313.692614709676,-0.01668164893616863
1954,lstm_h3_16_8_4_a0.1_b0.1,AN,0.8939486137577732,0.28356598402391076,171.326645,77512.37770999443,-40.779227792553186
1954,lstm_h2_32_16_a0.1_b0.1,AN,0.9703003791715296,0.9598908527457324,31.355118888888896,8035.214910081918,-3.644629521276599
1955,MSO,D,0.5454158291200533,-1.080121949098738,143.69958484555553,49326.91142106934,62.75329435186104
1955,lstm_h3_64_32_16_a0.1_b0.1,D,0.9053082643204183,0.8930618467539051,36.83464222222223,3249.6340255339373,0.20123870967740637
1955,lstm_h3_16_8_4_a0.1_b0.1,D,0.3325387442408252,0.11113836593300197,105.99676288888888,20606.741220973003,0.18130987593051082
1955,lstm_h2_32_16_a0.1_b0.1,D,0.7713504534907576,0.7659310213345323,49.008993000000004,6141.183336690265,4.569913796526035
1956,MSO,W,0.6887918609447083,0.5529639995334984,164.57040101555557,89573.22704565636,-22.033799498027093
1956,lstm_h3_64_32_16_a0.1_b0.1,W,0.9923665758337206,0.9910362962347045,31.012736111111092,10357.093047674149,0.55118073425974
1956,lstm_h3_16_8_4_a0.1_b0.1,W,0.5863503497554732,0.5598506740169489,164.40147555555552,88003.90389155781,-9.974390118373657
1956,lstm_h2_32_16_a0.1_b0.1,W,0.9546353606473589,0.9513617567996466,74.27077333333334,15464.855196735594,3.444894149939957
1957,MSO,AN,0.700619135880201,0.6271374949040743,117.93412781,26462.686155856623,-16.459108737041404
1957,lstm_h3_64_32_16_a0.1_b0.1,AN,0.9490408585307456,0.9476667726818513,43.6191838888889,6857.335807770843,-0.04350161400460856
1957,lstm_h3_16_8_4_a0.1_b0.1,AN,0.5978469648647069,0.5001971123854021,138.6034566666667,34282.26602181178,19.23493047364826
1957,lstm_h2_32_16_a0.1_b0.1,AN,0.8589181365034887,0.8279549709263289,80.04489222222222,13552.680727529647,-4.035363151033594
1958,MSO,W,0.713010324442612,0.0936042522935181,343.0229292733334,239125.7455524867,-46.42027773956944
1958,lstm_h3_64_32_16_a0.1_b0.1,W,0.9868315520720259,0.9654618534249104,61.99796666666667,24003.89671444382,-4.012703689591662
1958,lstm_h3_16_8_4_a0.1_b0.1,W,0.7280792087603164,0.7239100847463966,188.37954222222226,77339.54141239356,-3.468450816028459
1958,lstm_h2_32_16_a0.1_b0.1,W,0.9645657953745501,0.9293721768526986,93.0999,29757.43489513093,-4.073585762367434
1959,MSO,BN,0.8650127808725327,0.8448416834419996,50.87447244333334,5013.392416754232,1.7878643519186188
1959,lstm_h3_64_32_16_a0.1_b0.1,BN,0.974363188886342,0.9702294628314027,17.105427777777773,1185.5359640429883,-2.5715909637106327
1959,lstm_h3_16_8_4_a0.1_b0.1,BN,0.5381993444746427,0.3300364330590865,93.36550944444444,19639.118220734326,-19.773123648161498
1959,lstm_h2_32_16_a0.1_b0.1,BN,0.9538366231377663,0.8614454004063972,44.58921511111111,4292.3854863336655,-11.064410157814615
1960,MSO,D,0.6648426472532348,0.4047858128611689,133.56430869888885,44904.99389130678,-31.649334990158152
1960,lstm_h3_64_32_16_a0.1_b0.1,D,0.9855431936362925,0.9853940811968247,21.31709477777778,5200.977616603977,-0.921074144230379
1960,lstm_h3_16_8_4_a0.1_b0.1,D,0.6267294300274064,0.6237615510742297,95.67233555555555,28696.10321168086,-3.046918015989649
1960,lstm_h2_32_16_a0.1_b0.1,D,0.9802924233244139,0.9776172194135373,31.948574444444446,5754.879544424366,-1.5042983969908261
1961,MSO,D,0.8270379137003371,-0.3982005679829974,121.06720857111112,30673.15137987653,47.45049352043852
1961,lstm_h3_64_32_16_a0.1_b0.1,D,0.9558992825621001,0.9509346677718626,25.164420555555562,2188.2504198959596,2.5188632593447347
1961,lstm_h3_16_8_4_a0.1_b0.1,D,0.8070348528891327,0.03086066674635657,107.29035422222222,21222.966772268963,36.95417389422815
1961,lstm_h2_32_16_a0.1_b0.1,D,0.793643228540359,0.7236107022937333,52.38418444444445,6746.546965339065,9.270659406047718
1962,MSO,BN,0.6424849059845337,0.6016768085762827,128.70284623999999,36326.520286080886,-12.25144912641562
1962,lstm_h3_64_32_16_a0.1_b0.1,BN,0.9799304999345615,0.9484642554826436,45.66394666666667,10382.288538651077,-6.622941137554203
1962,lstm_h3_16_8_4_a0.1_b0.1,BN,0.6601042458272012,0.6066472165961956,112.33012777777778,37026.61839119124,15.589872134913904
1962,lstm_h2_32_16_a0.1_b0.1,BN,0.9004909375526534,0.8533258481685,85.27062444444444,15745.413645953486,0.05271638128577321
1963,MSO,W,0.636915216608136,0.5507401604945852,199.63810609111113,93548.7706391324,-17.45885821410182
1963,lstm_h3_64_32_16_a0.1_b0.1,W,0.9831659851092488,0.9774707548647695,50.86993277777779,23024.36057473713,2.13602427258223
1963,lstm_h3_16_8_4_a0.1_b0.1,W,0.6097123790371862,0.49399009048392595,224.14399666666668,104434.41868610808,-22.50012893886061
1963,lstm_h2_32_16_a0.1_b0.1,W,0.7603850866824065,0.7529651133574548,163.1995561111111,55509.4746481734,-5.906827323220822
1964,MSO,D,0.7294630084633384,-1.6064436669868138,145.93531210777778,45999.50757460469,65.21081858267479
1964,lstm_h3_64_32_16_a0.1_b0.1,D,0.9804121240354685,0.9693786997940075,16.48826544444445,1622.0953728873567,-5.641715649196853
1964,lstm_h3_16_8_4_a0.1_b0.1,D,0.6269775372868528,0.474224404842147,59.40833444444445,9655.609286075567,15.63235683433188
1964,lstm_h2_32_16_a0.1_b0.1,D,0.7264592969146921,0.7175017480156443,53.538392222222214,5197.086905244161,0.4016675292103536
1965,MSO,W,0.604282158110176,0.5871794884993844,148.73001805,69605.41181690476,-8.972056331260843
1965,lstm_h3_64_32_16_a0.1_b0.1,W,0.9716638593847473,0.9713874962298075,47.225806666666685,12955.311574513604,0.2275678532010122
1965,lstm_h3_16_8_4_a0.1_b0.1,W,0.5204629914592465,0.5128378692598972,217.54375222222222,80331.3303362156,-3.568273168528205
1965,lstm_h2_32_16_a0.1_b0.1,W,0.9544928394961346,0.9531387781513379,63.70014,16277.60079991225,2.5489199313051705
1966,MSO,BN,0.7134067552345497,-0.07271083399163536,146.88871624777778,46670.04326741091,55.6630924728421
1966,lstm_h3_64_32_16_a0.1_b0.1,BN,0.9852082946786834,0.9851945651457678,17.604387111111105,3267.7029548246987,-0.008287831578938589
1966,lstm_h3_16_8_4_a0.1_b0.1,BN,0.7646492141272168,0.7495289279490835,69.31323244444444,11102.254521161538,-2.847999663157897
1966,lstm_h2_32_16_a0.1_b0.1,BN,0.8757478178610322,0.8737709982024069,52.2138961111111,6839.3188922701265,3.0821530526315772
1967,MSO,W,0.5955058369472541,0.3514603086078034,208.39930985888884,99733.95194770681,-29.17926959176955
1967,lstm_h3_64_32_16_a0.1_b0.1,W,0.9736299895651354,0.9505759827050388,57.36316933333334,15618.695490832615,-0.6553831915866402
1967,lstm_h3_16_8_4_a0.1_b0.1,W,0.5436326906319828,0.38430115366525097,207.20667555555556,95837.70410777652,-23.958432190214904
1967,lstm_h2_32_16_a0.1_b0.1,W,0.7355036801847665,0.7133506273054409,140.71007066666667,48002.9398797522,-8.543810589849121
1968,MSO,BN,0.6787733048196376,0.6671456754914464,96.64120507777778,21894.40971430914,5.005298399240535
1968,lstm_h3_64_32_16_a0.1_b0.1,BN,0.9728673708866887,0.9579896690736952,41.015782111111115,4968.502406417326,-7.630468083016885
1968,lstm_h3_16_8_4_a0.1_b0.1,BN,0.6307678635052322,0.610489532478321,89.99113055555556,25499.675694622936,-9.23750081838417
1968,lstm_h2_32_16_a0.1_b0.1,BN,0.814900256975911,0.8091285671864683,59.63830277777778,12966.432258315055,-1.9495110972895011
1969,MSO,W,0.606267042099686,0.25685074787147844,300.1044075888889,246058.34474601128,-37.84479010977151
1969,lstm_h3_64_32_16_a0.1_b0.1,W,0.9918409645939986,0.9801702705574444,52.951327777777806,23717.52513470845,-4.706057630045327
1969,lstm_h3_16_8_4_a0.1_b0.1,W,0.5128253077100188,0.4919767720757634,267.2056,171017.49800738652,-10.56668388270482
1969,lstm_h2_32_16_a0.1_b0.1,W,0.9598596083183728,0.9454334310225698,100.8011083333333,32246.9157026857,1.089045589096872
1970,MSO,W,0.16245915283498089,0.129725317086281,305.13472873222213,512153.79918840353,-21.64763253692591
1970,lstm_h3_64_32_16_a0.1_b0.1,W,0.9908961373968613,0.9706149032713309,65.40829111111111,42520.663187012055,-6.895988537579798
1970,lstm_h3_16_8_4_a0.1_b0.1,W,0.5525855936938981,0.5374711434596617,298.7340611111111,274550.1148116656,-7.837802715593504
1970,lstm_h2_32_16_a0.1_b0.1,W,0.9801087340252391,0.9627326601216502,86.38436000000003,44111.45570570607,-0.5471043926455919
1971,MSO,W,0.7112657413228286,0.6946996659767893,140.12649527777776,47273.66849776016,4.2382216597109155
1971,lstm_h3_64_32_16_a0.1_b0.1,W,0.9695865874690892,0.9644942067403429,52.607144888888875,11006.369852370504,1.2534852718804834
1971,lstm_h3_16_8_4_a0.1_b0.1,W,0.8590959074140474,0.8222182669166318,125.6831022222222,29435.678617052796,-11.770324804935555
1971,lstm_h2_32_16_a0.1_b0.1,W,0.8785082559471069,0.8770480094097061,105.86599888888887,22588.058878875014,-1.1439325389624528
1972,MSO,BN,0.8069297884308861,0.6645553291031934,95.66779092666667,17923.92325885986,22.442721359947818
1972,lstm_h3_64_32_16_a0.1_b0.1,BN,0.9653325093798925,0.9640097988569525,30.318623666666685,3655.7864509029346,1.2099147587306143
1972,lstm_h3_16_8_4_a0.1_b0.1,BN,0.918619168720646,0.864697079745049,51.30664666666667,7792.531648513621,-0.5811331691059253
1972,lstm_h2_32_16_a0.1_b0.1,BN,0.9371257385475867,0.9346122831998958,38.40713066666669,5375.686677021904,-3.2682182292421427
1973,MSO,AN,0.9104350903259667,0.8371953210168355,69.85609431111112,15923.19604825677,-14.260787693896095
1973,lstm_h3_64_32_16_a0.1_b0.1,AN,0.9643771370311309,0.964099633302366,41.33173000000001,7076.743939492997,0.9575783573834249
1973,lstm_h3_16_8_4_a0.1_b0.1,AN,0.8133118643687469,0.6441198746365749,104.23387266666668,32377.08115225676,-23.06115818972934
1973,lstm_h2_32_16_a0.1_b0.1,AN,0.9732260803121291,0.9696147813322201,39.52659288888889,4813.334205603107,2.766543327023787
1974,MSO,W,0.6652824764898393,0.4551698882190789,266.73866906999996,190358.89244832678,-28.253512125882736
1974,lstm_h3_64_32_16_a0.1_b0.1,W,0.9457398388794498,0.9409727509600126,77.91616622222223,36748.799601812476,4.802374809849484
1974,lstm_h3_16_8_4_a0.1_b0.1,W,0.6594259140363908,0.6546639953858289,191.32412433333332,123262.31337552726,-1.556116338103071
1974,lstm_h2_32_16_a0.1_b0.1,W,0.9517991078430175,0.939578549920358,93.23610444444444,35233.124521452766,-0.6092227636444543
1975,MSO,W,0.542942074701925,0.28267727112375785,217.3197665155555,100038.86220421019,-33.25936387478432
1975,lstm_h3_64_32_16_a0.1_b0.1,W,0.9583236135849148,0.952460157130507,56.34480777777778,13934.845295486044,0.9789851435229727
1975,lstm_h3_16_8_4_a0.1_b0.1,W,0.7627473194203606,0.6985856090853486,143.15231588888886,44904.62228223883,-16.585175409505446
1975,lstm_h2_32_16_a0.1_b0.1,W,0.7951310148756027,0.7458410332094477,142.23962944444443,38141.32651179196,3.3390744392408247
1976,MSO,C,0.7802027108956896,-10.850045876566881,173.70386251555553,52195.412974760126,106.26954106453353
1976,lstm_h3_64_32_16_a0.1_b0.1,C,0.8313058703083228,0.7809013146824497,20.35885388888889,1212.3733562700536,2.7023994259154125
1976,lstm_h3_16_8_4_a0.1_b0.1,C,0.7284645499263174,-3.3981599819294823,108.4775088888889,19338.23689384829,70.47281112033924
1976,lstm_h2_32_16_a0.1_b0.1,C,0.6865283249525644,-0.1508091790565309,51.19313888888889,5487.488867596585,27.575214553190264
1977,MSO,C,0.7036772190379075,-69.0700130601727,127.23503531111113,29521.25075161545,134.08046168233747
1977,lstm_h3_64_32_16_a0.1_b0.1,C,0.666608117411054,-0.8237147974660854,21.99905355555555,786.6968614560382,-20.91540946314832
1977,lstm_h3_16_8_4_a0.1_b0.1,C,0.42775591428203386,-90.37257827050279,156.89230844444444,37566.502401843936,174.16531746031743
1977,lstm_h2_32_16_a0.1_b0.1,C,0.2995171350300184,-3.5496026126424347,28.57536811111111,2167.369631590485,21.20988259528864
1978,MSO,AN,0.7922789035886303,0.17634637715197798,256.15295724888887,139798.81583443488,-44.123307180876
1978,lstm_h3_64_32_16_a0.1_b0.1,AN,0.9961102126387651,0.9935199987272796,27.217928888888878,9023.149832836336,-3.298261959673484
1978,lstm_h3_16_8_4_a0.1_b0.1,AN,0.762267115614681,0.7448369044210343,167.11374111111115,44432.65036965246,-8.313762691751933
1978,lstm_h2_32_16_a0.1_b0.1,AN,0.9578839143816218,0.9437398983402281,67.5373622222222,12860.890555469503,-4.377456960486916
1979,MSO,BN,0.7587722934361533,0.7284051336331154,73.90905222555556,12811.578256868828,-10.42063787873803
1979,lstm_h3_64_32_16_a0.1_b0.1,BN,0.8996409744603595,0.8927178350755248,46.77553555555554,6028.470181992061,1.2219021816625923
1979,lstm_h3_16_8_4_a0.1_b0.1,BN,0.7927651598135641,0.7827705755872332,60.385670944444456,10703.260787540421,-6.193095551484978
1979,lstm_h2_32_16_a0.1_b0.1,BN,0.8361667502660332,0.7944755873697861,79.83098444444447,11543.684987493,13.121801635789929
1980,MSO,AN,0.4622533116289477,0.3219267334715934,199.86948845777778,165683.45023562136,-27.349545342038514
1980,lstm_h3_64_32_16_a0.1_b0.1,AN,0.9946667841533839,0.991341562443328,32.41189777777776,7038.736433850432,4.564215372353415
1980,lstm_h3_16_8_4_a0.1_b0.1,AN,0.6563344637708397,0.5654340551605153,176.46764833333336,106449.73043457819,-19.273186609909725
1980,lstm_h2_32_16_a0.1_b0.1,AN,0.9927639042769305,0.9874660860902741,39.35191111111109,7327.5535934552845,5.658919093607327
1981,MSO,D,0.909180203565043,0.11104509665385276,103.13705180333332,18924.73929356676,43.000307691598
1981,lstm_h3_64_32_16_a0.1_b0.1,D,0.939948583546491,0.9255451146248178,30.83662044444444,1860.4742053391276,5.61875293169338
1981,lstm_h3_16_8_4_a0.1_b0.1,D,0.36312819874010155,0.1598930339430561,104.24124444444446,17519.051135748272,9.167566123949351
1981,lstm_h2_32_16_a0.1_b0.1,D,0.9270140271408278,0.7862146244803562,54.69257777777778,4704.22377334748,20.861375455838868
1982,MSO,W,0.8068368703701259,0.5531104826846951,196.02104920333332,132756.5648655597,-28.0731006597425
1982,lstm_h3_64_32_16_a0.1_b0.1,W,0.990719184737571,0.9819798017385818,51.7292222222222,19960.039559707384,-0.18302205347637554
1982,lstm_h3_16_8_4_a0.1_b0.1,W,0.7827122441245561,0.7739449497393218,176.63011555555556,71569.47442264207,5.8084534878355045
1982,lstm_h2_32_16_a0.1_b0.1,W,0.8561846153334968,0.8559264995872862,150.18932444444445,51051.360657166144,-1.1531356864043305
1983,MSO,W,0.7152894623450096,0.17878159941037486,384.96990979000003,332278.06742703577,-42.14096723949618
1983,lstm_h3_64_32_16_a0.1_b0.1,W,0.9773606368780404,0.9715918302074591,88.44686888888893,32258.31024292355,1.7409739520491876
1983,lstm_h3_16_8_4_a0.1_b0.1,W,0.7790521106955502,0.7091045838235239,230.45631333333333,121984.75466724484,-12.738980218347418
1983,lstm_h2_32_16_a0.1_b0.1,W,0.8286528764274671,0.8233087590223915,198.49420333333333,79097.63843888415,2.5085642246915247
1984,MSO,W,0.9008924348989346,-0.9560895417031157,244.90242565555556,109398.97542462111,63.59560253502758
1984,lstm_h3_64_32_16_a0.1_b0.1,W,0.9727642836328495,0.9592815437123693,32.24864888888889,3471.1803022316935,-4.635479999076688
1984,lstm_h3_16_8_4_a0.1_b0.1,W,0.8945146610222471,0.8470891688979659,65.78109944444445,9731.52897340429,6.811778529880211
1984,lstm_h2_32_16_a0.1_b0.1,W,0.9244205907272242,0.8890727335273093,52.60070655555555,8972.360079928127,-10.479885943955852
1985,MSO,D,0.6452086681104362,-1.8281298997801017,198.40572902222218,72766.72809043789,87.41208156087473
1985,lstm_h3_64_32_16_a0.1_b0.1,D,0.9050159333443547,0.8635016639197332,33.73307722222222,4256.6878475220965,-9.26110037350147
1985,lstm_h3_16_8_4_a0.1_b0.1,D,0.7769001678633405,0.7242056086524843,64.24211666666666,7699.581363851314,15.124397578264615
1985,lstm_h2_32_16_a0.1_b0.1,D,0.8782627599327912,0.8549327449196741,45.05755877777778,5255.340326694141,-7.879620524508531
1986,MSO,W,0.3264129445457959,0.0054756322973325,393.2458421977778,776054.3719006778,-52.62675846298622
1986,lstm_h3_64_32_16_a0.1_b0.1,W,0.9885396980801544,0.9861626523070897,56.8811473333333,74133.62310230371,-0.41101550146560145
1986,lstm_h3_16_8_4_a0.1_b0.1,W,0.5659351190866835,0.5046721425230383,394.9427522222222,387782.361639667,1.9152818172510448
1986,lstm_h2_32_16_a0.1_b0.1,W,0.9682007093578426,0.9392475831544834,159.09617777777774,89152.79988067872,5.294675099949308
1987,MSO,D,0.5921227651744174,0.5062722032529707,88.76363036333333,15185.982721376318,19.438149331537364
1987,lstm_h3_64_32_16_a0.1_b0.1,D,0.984578172660648,0.9768879228696341,13.799457000000002,2226.2382889906453,-3.4807287361588486
1987,lstm_h3_16_8_4_a0.1_b0.1,D,0.688785697463037,0.6577998201480901,61.015106222222215,10686.684356833961,-9.570422116701755
1987,lstm_h2_32_16_a0.1_b0.1,D,0.7679931606551309,0.7624078396033234,56.27518055555556,8356.680814988533,-4.028025676449334
1988,MSO,C,0.8369867408903808,-7.503502943076979,186.78059615444445,64728.803932224604,108.71071844284104
1988,lstm_h3_64_32_16_a0.1_b0.1,C,0.8274601793099663,0.8169107290305799,24.886781111111105,1717.7528669262979,4.534134068493822
1988,lstm_h3_16_8_4_a0.1_b0.1,C,0.496450733724871,-2.503554162735433,131.10471311111112,27164.893348192996,45.096588242217486
1988,lstm_h2_32_16_a0.1_b0.1,C,0.9357981424715426,0.9295471357068762,15.695780000000006,799.8745700719561,-3.425146912461726
1989,MSO,D,0.37846994194372563,0.360339469032101,233.52509759555556,153017.34386529747,1.9477306598171322
1989,lstm_h3_64_32_16_a0.1_b0.1,D,0.9705774092809647,0.9483826997812904,67.66926222222223,30023.24835771745,-0.5721211594204745
1989,lstm_h3_16_8_4_a0.1_b0.1,D,0.46343923168643003,0.4369615514410252,257.6832673777778,134847.68311940695,18.329061157479266
1989,lstm_h2_32_16_a0.1_b0.1,D,0.8707251319767507,0.8346447282440039,129.86919555555556,49766.22569171875,10.14420220874946
1990,MSO,C,0.738812833270458,-1.0535549834830125,113.62756075555556,27013.160895111883,52.70807994993916
1990,lstm_h3_64_32_16_a0.1_b0.1,C,0.9010523960805205,0.889723365816488,31.187469777777785,2151.0735733137176,-5.459874803968798
1990,lstm_h3_16_8_4_a0.1_b0.1,C,0.7561520484899914,0.7224263203251681,47.58222155555555,3957.8056840481495,8.94296971056665
1990,lstm_h2_32_16_a0.1_b0.1,C,0.8318777237998028,0.7962960213002321,32.716465888888884,3060.11074132768,-9.265264754853758
1991,MSO,C,0.507588172859787,0.4685965125474896,76.92992819333334,18480.066687965344,13.167140999436585
1991,lstm_h3_64_32_16_a0.1_b0.1,C,0.9653342037011303,0.9379105822970693,32.39024077777777,3695.860140920914,5.197322483828466
1991,lstm_h3_16_8_4_a0.1_b0.1,C,0.7362202729695254,-0.046597143470064495,143.07112833333332,35644.15135651428,67.20969534615759
1991,lstm_h2_32_16_a0.1_b0.1,C,0.5995576109834473,0.5799535798945525,77.65289533333333,16123.302659163099,-10.541545583170604
1992,MSO,C,0.6381597060607243,-0.3022082582635628,109.21591298333334,27107.406122112778,58.418548514413196
1992,lstm_h3_64_32_16_a0.1_b0.1,C,0.9032422851153841,0.8954281576323678,32.67867244444444,3187.428249053778,6.013774628021564
1992,lstm_h3_16_8_4_a0.1_b0.1,C,0.6648977003627363,0.5543758206344593,70.93861166666667,9263.839507575238,23.053495505471844
1992,lstm_h2_32_16_a0.1_b0.1,C,0.7385715222861209,0.7316455534749001,49.495046666666674,5857.759443613036,5.852735319843576
1993,MSO,AN,0.8415674743937978,0.4833124171831299,196.9377049455556,103118.21320264714,-33.17509214025692
1993,lstm_h3_64_32_16_a0.1_b0.1,AN,0.9894429152666736,0.9789942742179992,40.618121777777795,13479.736710075438,-5.954398100878564
1993,lstm_h3_16_8_4_a0.1_b0.1,AN,0.8395914564507745,0.8339156436725075,115.32818444444446,36301.633070888754,-4.309170620518053
1993,lstm_h2_32_16_a0.1_b0.1,AN,0.9468401980656233,0.9272420354347487,82.71624944444444,21524.08466050423,-5.579829396514563
1994,MSO,C,0.8853875313265238,-4.488629875485241,185.32528228777778,58961.75693800334,108.12990288566384
1994,lstm_h3_64_32_16_a0.1_b0.1,C,0.9751690646940967,0.9702333193646899,14.702939888888892,632.0787314233621,-2.3331167399881627
1994,lstm_h3_16_8_4_a0.1_b0.1,C,0.8399597502228416,0.31494683021379866,66.20812111111113,7565.635231102294,32.333400885044085
1994,lstm_h2_32_16_a0.1_b0.1,C,0.8027474740768629,0.7872977811530847,34.73131522222223,2787.409818175643,-6.2774415535078365
1995,MSO,W,0.7235049899293132,-0.31448683887057927,614.8965457411111,794045.1537670393,-62.100014920762305
1995,lstm_h3_64_32_16_a0.1_b0.1,W,0.9715551125254042,0.964887416914353,85.39835333333338,60341.44941293725,2.3582605569272084
1995,lstm_h3_16_8_4_a0.1_b0.1,W,0.681634341233493,0.643212724567652,317.5348047777777,225916.00261920562,-12.86108109011885
1995,lstm_h2_32_16_a0.1_b0.1,W,0.8907750307350477,0.8878763847247517,191.6848455555556,97577.18019516967,-2.1649354286833598
1996,MSO,W,0.7862655036550201,0.4296102129243784,203.77036604555553,116887.7477344993,-34.34279626042141
1996,lstm_h3_64_32_16_a0.1_b0.1,W,0.9826780086371424,0.9789042675329703,47.12955777777776,15453.121216666275,0.8038318045988772
1996,lstm_h3_16_8_4_a0.1_b0.1,W,0.7800734196077429,0.7598363723265217,157.93250444444445,50576.6910232144,0.06586745127098816
1996,lstm_h2_32_16_a0.1_b0.1,W,0.9435962807138032,0.93610616535085,79.71578611111109,21056.3021761497,-0.32087704361826996
1997,MSO,W,0.14252817506416865,0.13343478383421326,434.00234794444447,547723.7346390245,5.86799746047259
1997,lstm_h3_64_32_16_a0.1_b0.1,W,0.9946131772469455,0.9791725360507595,76.12783111111108,47325.37167468044,2.996629749951874
1997,lstm_h3_16_8_4_a0.1_b0.1,W,0.5861696077901377,0.4910407358029144,315.7332388888888,323048.3439226813,0.47102501660123336
1997,lstm_h2_32_16_a0.1_b0.1,W,0.9638564375512922,0.928546996948105,123.90861399999997,66198.8039441638,3.186414077120407
1998,MSO,W,0.8060783360440105,-0.04859363339494216,334.7941136733334,176198.47231987317,-45.16995882673572
1998,lstm_h3_64_32_16_a0.1_b0.1,W,0.9888380194519499,0.9745165577252223,49.490753333333345,9241.25487209722,-4.107043831161041
1998,lstm_h3_16_8_4_a0.1_b0.1,W,0.7940767584237401,0.7298138209746895,148.72231777777776,46998.17875757757,-12.833624057968237
1998,lstm_h2_32_16_a0.1_b0.1,W,0.927979795679598,0.8957313558428925,89.36557444444446,20406.21508963312,-8.011174409596139
1999,MSO,W,0.886010097621677,0.7889111669825162,81.67595192666666,25302.588520895777,-16.43729868318849
1999,lstm_h3_64_32_16_a0.1_b0.1,W,0.9838228525596765,0.9811206515456449,30.980107888888895,5689.966810228403,0.4279755589216575
1999,lstm_h3_16_8_4_a0.1_b0.1,W,0.8732381537314656,0.8606243055813383,70.02408833333332,16975.62604025792,3.4763200574012205
1999,lstm_h2_32_16_a0.1_b0.1,W,0.9533488306123887,0.9263465624873258,69.52508666666668,9799.318571104397,3.737707823195112
2000,MSO,AN,0.7674261589848292,0.5250407873954505,130.19699822555555,55071.82636073302,-28.218350455021575
2000,lstm_h3_64_32_16_a0.1_b0.1,AN,0.9897061715670394,0.9892386235534018,21.983921555555543,5656.56423175915,1.2580055987956416
2000,lstm_h3_16_8_4_a0.1_b0.1,AN,0.7584528112198257,0.6118936266001475,126.97918666666666,45088.90141876393,-19.76821254459662
2000,lstm_h2_32_16_a0.1_b0.1,AN,0.911938462385223,0.8525858134516593,90.26037666666667,18015.92824438482,1.8592129827205528
2001,MSO,D,0.7924529725222957,-0.29141092615288455,108.62811385,22280.766878230595,55.16399316078555
2001,lstm_h3_64_32_16_a0.1_b0.1,D,0.941618029223793,0.9307938618584444,25.399311555555567,1892.8267903851333,3.126872717899481
2001,lstm_h3_16_8_4_a0.1_b0.1,D,0.7778811465693684,0.7650594756865504,49.95359760000001,4184.154069601422,4.425443537757708
2001,lstm_h2_32_16_a0.1_b0.1,D,0.7319246055920403,0.7221463611890027,46.196207777777786,5021.994148539196,1.6190994167291426
2002,MSO,D,0.8460570648312472,-0.17559111072790645,149.1410784777778,42292.138379533935,54.00866163089475
2002,lstm_h3_64_32_16_a0.1_b0.1,D,0.9570698922700122,0.9442761410893264,35.667310111111114,3169.297615573082,1.0306495509973257
2002,lstm_h3_16_8_4_a0.1_b0.1,D,0.8394580778422923,0.8155570097072934,52.472046222222225,7191.855105712766,2.041141502426648
2002,lstm_h2_32_16_a0.1_b0.1,D,0.9291954864444474,0.901621823107615,40.16755777777777,4270.759187153169,-4.920207171327584
2003,MSO,AN,0.7704797355468673,0.6233453007837301,119.78225795555555,34648.60397886272,19.332029100816783
2003,lstm_h3_64_32_16_a0.1_b0.1,AN,0.9570983125058065,0.949242890669245,36.27158555555556,7835.277338827248,-2.2026207074552206
2003,lstm_h3_16_8_4_a0.1_b0.1,AN,0.5101584670481616,0.26629863751067784,134.88624866666666,63991.45838532717,-30.84096276641969
2003,lstm_h2_32_16_a0.1_b0.1,AN,0.9125740162078708,0.8641184953439831,74.15940188888888,13646.421220001383,-9.891305842174763
2004,MSO,BN,0.745208621125757,0.6779247837183309,114.9886631211111,26159.241139771548,17.255878762790474
2004,lstm_h3_64_32_16_a0.1_b0.1,BN,0.99361037512571,0.982758016620267,29.778052222222225,4410.878531552478,-6.599591288858748
2004,lstm_h3_16_8_4_a0.1_b0.1,BN,0.8548616996218577,0.8487676990894562,79.45573188888888,13663.16041422709,2.3512734428403466
2004,lstm_h2_32_16_a0.1_b0.1,BN,0.9224959346283631,0.8941139352123451,67.62362555555555,10351.047024240075,11.820109668442948
2005,MSO,AN,0.5831956540514267,0.5762233264149028,133.15378414111112,49233.753525361055,-5.90661752523514
2005,lstm_h3_64_32_16_a0.1_b0.1,AN,0.9296249979033332,0.9157940278501924,65.22248944444442,14489.388730000608,-1.8893474886737627
2005,lstm_h3_16_8_4_a0.1_b0.1,AN,0.6766958262308848,0.6509960903943905,116.63452444444442,41600.99931487633,-11.801772768990208
2005,lstm_h2_32_16_a0.1_b0.1,AN,0.7396145991727641,0.7353743704013784,129.72799266666664,32754.416622110544,4.789876471528019
2006,MSO,W,0.8621438222854568,0.5076832268565539,240.29251048999998,166255.3310457247,-32.62046234818839
2006,lstm_h3_64_32_16_a0.1_b0.1,W,0.9924501604393489,0.986357445302527,57.95287444444446,19728.64185279802,0.8063053109191777
2006,lstm_h3_16_8_4_a0.1_b0.1,W,0.7854547355718978,0.7825583878236512,207.57562866666666,77581.97212134521,2.678146082745156
2006,lstm_h2_32_16_a0.1_b0.1,W,0.953775138192178,0.9286828958671569,116.8964522222222,33524.65192295265,0.5359725452853462
2007,MSO,D,0.6435644593852052,-0.7027767921840167,139.50469044555553,40444.33001119007,59.31270412142333
2007,lstm_h3_64_32_16_a0.1_b0.1,D,0.9527304359921202,0.9359359802124906,28.813316,2476.2787487872347,6.75316164116812
2007,lstm_h3_16_8_4_a0.1_b0.1,D,0.6703254938265675,0.30589335606878076,83.92189892888888,17217.873484907148,14.325884119662076
2007,lstm_h2_32_16_a0.1_b0.1,D,0.8450115139967239,0.8328061058772827,40.81864377777778,4551.4689726361485,-4.490965877270573
2008,MSO,C,0.898597968201016,0.36106933706990973,82.12747515222222,13840.688162310234,37.76228582193751
2008,lstm_h3_64_32_16_a0.1_b0.1,C,0.8883087577919594,0.8699186587454871,34.03200033333333,3358.312668586037,-8.153897553297286
2008,lstm_h3_16_8_4_a0.1_b0.1,C,0.8229241547650759,0.7989369535541447,46.03501888888889,4928.929118418619,0.06411616818291534
2008,lstm_h2_32_16_a0.1_b0.1,C,0.9068251019392434,0.9066872100037596,30.90631111111111,2624.1666817467735,-0.04447398523221874
2009,MSO,D,0.7224885794196746,0.7136542911190793,96.26479096333334,21716.720051098346,2.697088013187137
2009,lstm_h3_64_32_16_a0.1_b0.1,D,0.9743174431592129,0.9563176741366981,38.31826599999999,6736.431331881004,-3.2666050704304386
2009,lstm_h3_16_8_4_a0.1_b0.1,D,0.7435087726593432,0.7359359560560828,107.1298611111111,20735.249486953115,2.3419523497052435
2009,lstm_h2_32_16_a0.1_b0.1,D,0.76839813252314,0.7630273182681306,85.76356833333332,20116.855709206262,-3.8084155916352214
2010,MSO,BN,0.6385900927845675,0.5885263036757346,106.91249813777779,21570.76887481076,-11.435633748832283
2010,lstm_h3_64_32_16_a0.1_b0.1,BN,0.9485683423445849,0.9457223227125001,33.66331622222222,5368.0300457959665,0.2591807455256229
2010,lstm_h3_16_8_4_a0.1_b0.1,BN,0.7902222407971252,0.618042274265684,103.63225666666668,20830.157693119454,-23.642677455053505
2010,lstm_h2_32_16_a0.1_b0.1,BN,0.9679290582686045,0.9352233431005541,42.365737777777795,6545.916470611645,3.472767927527622
2011,MSO,W,0.571481605086586,0.5147133486192604,237.96948329888886,92162.57922013028,-15.584840246107644
2011,lstm_h3_64_32_16_a0.1_b0.1,W,0.9672355190958971,0.9641818287377771,55.92841666666668,15318.439886079594,3.2349172280812306
2011,lstm_h3_16_8_4_a0.1_b0.1,W,0.8394321045081155,0.6949542618876038,191.87113766666667,59838.77814191813,-23.238597193623942
2011,lstm_h2_32_16_a0.1_b0.1,W,0.9051875926907088,0.8848753952464466,116.31678111111114,26784.349848189195,-3.6288145142090475
2012,MSO,BN,0.6091130078117081,0.5936982867224392,112.38701877111112,27273.989863619016,-4.006118201761736
2012,lstm_h3_64_32_16_a0.1_b0.1,BN,0.9638738395851202,0.958677370678529,33.44999555555556,6569.449421704756,5.734762819664752
2012,lstm_h3_16_8_4_a0.1_b0.1,BN,0.7502233139640826,0.5588130277621959,111.002789,29441.171435449323,-25.141954390447633
2012,lstm_h2_32_16_a0.1_b0.1,BN,0.9363047735278407,0.923844536929683,44.84805977777776,9116.199825518026,-8.233914329550657
2013,MSO,D,0.7582019492033784,-9.061107245607262,310.15862067333336,163591.56023973622,153.09754763670267
2013,lstm_h3_64_32_16_a0.1_b0.1,D,0.8503662794124233,0.8448361066076591,37.31755377777779,3098.6259511162134,4.092232545384739
2013,lstm_h3_16_8_4_a0.1_b0.1,D,0.6462607886385453,-0.5015703843771011,122.2862680111111,25335.08513062112,33.832334113969175
2013,lstm_h2_32_16_a0.1_b0.1,D,0.8841860334983834,0.7820962186920944,37.76767977777777,4054.139044236359,13.108082158723198
2014,MSO,C,0.5169520999028979,0.21658508317133618,90.19705885444444,16558.030044091007,37.67231791019233
2014,lstm_h3_64_32_16_a0.1_b0.1,C,0.9875680857123328,0.9618088229655819,20.295497777777776,2162.711026036924,-10.371737468837763
2014,lstm_h3_16_8_4_a0.1_b0.1,C,0.7435377906349858,0.6510056307879408,55.992442222222216,7565.02649462862,-12.60446588846353
2014,lstm_h2_32_16_a0.1_b0.1,C,0.9414834195294854,0.9092718815190433,30.477605444444446,2926.258828415476,-11.806519928733676
2015,MSO,C,0.23763749746274573,-6.875651483126273,248.08603230333333,118704.29593004764,174.7241958963444
2015,lstm_h3_64_32_16_a0.1_b0.1,C,0.8556590208760934,0.819276204136953,38.40453255555556,3423.765791203792,15.127347687781016
2015,lstm_h3_16_8_4_a0.1_b0.1,C,0.5342586720472321,-1.5922039981700746,136.19396033333337,39969.558865780156,85.20811786663124
2015,lstm_h2_32_16_a0.1_b0.1,C,0.5038232654221627,0.48563413109717646,56.40191433333334,8089.98332408743,-8.300771117901826
2016,MSO,BN,0.5099761319590791,0.41903613532116124,181.59456611444446,133112.39616969606,-18.06826838650599
2016,lstm_h3_64_32_16_a0.1_b0.1,BN,0.9782911111794114,0.9616596513956365,56.835283888888895,23865.190067127794,2.762002141132409
2016,lstm_h3_16_8_4_a0.1_b0.1,BN,0.5774454624660663,0.5619376982194197,158.41376222222223,101412.17292871437,-9.177751225476046
2016,lstm_h2_32_16_a0.1_b0.1,BN,0.8835575365945391,0.8625440845878444,113.60598377777777,39921.974036214444,9.337742299383107
2017,MSO,W,0.5574572181406209,0.015113899153397892,523.9710361855555,909636.2468184372,-52.31590932727963
2017,lstm_h3_64_32_16_a0.1_b0.1,W,0.9845764825707881,0.9811542610321348,97.44585444444446,59228.05042607559,2.7524913556382793
2017,lstm_h3_16_8_4_a0.1_b0.1,W,0.8088208017317884,0.8000901124854194,291.14535222222224,192088.98552713872,5.159455968780885
2017,lstm_h2_32_16_a0.1_b0.1,W,0.9843042525225683,0.9780593216705628,97.63718611111115,58118.7659333237,0.2677003623709204
2018,MSO,BN,0.556997588107684,0.5299210014722767,157.4290750066667,47120.52626985943,14.789500387678643
2018,lstm_h3_64_32_16_a0.1_b0.1,BN,0.9607485048022404,0.9503669652122813,46.582234444444445,10407.781485695155,-3.687953602283754
2018,lstm_h3_16_8_4_a0.1_b0.1,BN,0.6102933283755879,0.5885930305726954,139.4802166666667,41123.1592511858,2.7727921517573284
2018,lstm_h2_32_16_a0.1_b0.1,BN,0.9578341418358481,0.9023247251060917,78.69150777777779,13495.678904848908,3.276641656672043
2019,MSO,W,0.9092503436859788,0.0386918039010149,333.5318612911111,215342.90851031366,-51.43516800669768
2019,lstm_h3_64_32_16_a0.1_b0.1,W,0.9946920522293056,0.9915128825414311,32.57986777777776,10565.1487660257,0.9708549896428357
2019,lstm_h3_16_8_4_a0.1_b0.1,W,0.8823960886846903,0.8762427042749202,146.0562092222222,34339.730775443626,-5.1521014952042155
2019,lstm_h2_32_16_a0.1_b0.1,W,0.9898511804180485,0.9889017581273487,28.952757333333313,9655.028819784147,-1.1596036983176512
2020,MSO,D,0.7531720952884939,-2.6254791007523157,162.5623835022222,50800.1837274082,84.64958692505209
2020,lstm_h3_64_32_16_a0.1_b0.1,D,0.9526572615523697,0.9525840470328228,18.925176666666665,1242.9033497573917,-0.3062155528838041
2020,lstm_h3_16_8_4_a0.1_b0.1,D,0.6076232057895322,-0.45593341123186515,90.92967566666667,20653.16051169271,38.08639964498422
2020,lstm_h2_32_16_a0.1_b0.1,D,0.8338948277744859,0.8251403559469507,35.438334,2981.002206820441,-3.25474150849297
2021,MSO,C,0.8657700623114619,-6.145896328812212,139.32106451222222,34655.115191711244,104.66146264646194
2021,lstm_h3_64_32_16_a0.1_b0.1,C,0.9139539451747942,0.9006413432119588,17.937330999999997,630.8570660250303,0.7043790401657791
2021,lstm_h3_16_8_4_a0.1_b0.1,C,0.6843762464618656,-1.1257981623601312,67.99797022222224,10717.0918500775,43.01626478952565
2021,lstm_h2_32_16_a0.1_b0.1,C,0.8584587399638348,0.35397910488735185,44.682087777777774,3585.3800452181767,30.16212768504769
