Date,T,V,P,S,F
1921-10-01,56.84,12.264999999999999,1.685433070866142,,10.06
1921-11-01,44.78,5.96,3.2338582677165357,,20.51
1921-12-01,38.48,2.85,7.255905511811024,,34.96
1922-01-01,33.62,3.06,2.232677165354331,,29.79
1922-02-01,34.16,1.875,7.1775590551181105,,43.47
1922-03-01,39.02,3.915,3.967716535433071,,72.9
1922-04-01,46.58,8.42,0.8633858267716535,,150.91
1922-05-01,55.76,12.06,1.6358267716535433,,260.15
1922-06-01,65.3,18.205,1.0133858267716536,,106.93
1922-07-01,73.04,25.615000000000002,0.0,,18.67
1922-08-01,67.64,19.625,0.05511811023622047,,6.45
1922-09-01,65.3,19.93,0.07440944881889763,,3.35
1922-10-01,52.7,8.215,3.074803149606299,,16.58
1922-11-01,39.38,4.265,2.8976377952755903,,19.87
1922-12-01,36.32,1.74,8.97244094488189,,35.94
1923-01-01,35.24,2.125,3.9090551181102366,,49.71
1923-02-01,38.3,4.71,0.918503937007874,,43.68
1923-03-01,44.6,7.465,0.5228346456692914,,81.7
1923-04-01,48.74,7.54,4.4948818897637794,,166.06
1923-05-01,55.58,11.77,0.6889763779527559,,156.59
1923-06-01,58.459999999999994,11.200000000000001,1.9295275590551182,,58.58
1923-07-01,68.18,20.705000000000002,0.13858267716535433,,20.82
1923-08-01,66.92,18.900000000000002,0.3633858267716536,,7.7
1923-09-01,62.959999999999994,15.395000000000001,2.028740157480315,,6.64
1923-10-01,50.9,8.0,2.0830708661417323,,15.98
1923-11-01,46.58,6.069999999999999,1.4098425196850395,,13.42
1923-12-01,35.06,2.6950000000000003,2.560629921259843,,17.77
1924-01-01,35.78,3.525,2.155511811023622,,19.63
1924-02-01,43.7,4.825,3.406692913385827,,75.99
1924-03-01,39.56,4.505,2.1185039370078744,,31.22
1924-04-01,51.98,11.445,0.3401574803149607,,41.93
1924-05-01,61.34,17.04,0.09921259842519686,,26.08
1924-06-01,63.68,17.59,0.34921259842519686,,6.38
1924-07-01,69.62,22.825,0.0,,2.44
1924-08-01,68.0,21.325000000000003,0.7496062992125985,,2.28
1924-09-01,61.7,17.33,0.5338582677165354,,1.97
1924-10-01,49.46,6.6000000000000005,6.470472440944882,,15.31
1924-11-01,41.72,4.245,3.937795275590551,,92.79
1924-12-01,32.72,1.805,4.500393700787402,,64.4
1925-01-01,37.04,2.42,2.153937007874016,,68.19
1925-02-01,38.839999999999996,2.215,11.653543307086615,,278.28
1925-03-01,44.239999999999995,6.52,2.2830708661417325,,157.73
1925-04-01,50.0,6.6899999999999995,4.655118110236221,,326.34
1925-05-01,55.58,9.260000000000002,1.8330708661417325,,272.57
1925-06-01,62.959999999999994,15.065000000000001,1.0885826771653544,,116.08
1925-07-01,72.5,23.63,0.0,,32.68
1925-08-01,66.92,18.61,0.38070866141732285,,10.94
1925-09-01,55.76,10.370000000000001,1.7799212598425198,,15.67
1925-10-01,52.52,10.110000000000001,0.9712598425196851,,13.47
1925-11-01,41.0,4.035,3.896456692913386,,18.47
1925-12-01,38.48,2.7,2.495275590551181,,42.02
1926-01-01,36.86,2.955,5.214173228346457,,25.93
1926-02-01,41.9,3.2350000000000003,7.357874015748031,,161.26
1926-03-01,49.46,8.805000000000001,0.2606299212598425,,132.49
1926-04-01,55.4,8.965,3.9464566929133857,,254.88
1926-05-01,57.56,12.085,1.2803149606299216,,92.0
1926-06-01,69.08,22.71,0.0,,26.33
1926-07-01,72.68,24.84,0.1031496062992126,,8.26
1926-08-01,69.08,22.41,0.27007874015748035,,4.12
1926-09-01,60.62,16.875,0.09291338582677165,,3.72
1926-10-01,55.76,10.78,2.5196850393700787,,12.49
1926-11-01,47.84,4.545,12.845669291338583,,175.51
1926-12-01,37.22,2.585,3.9456692913385827,,211.79
1927-01-01,38.12,2.205,5.626377952755906,,138.87
1927-02-01,39.74,2.425,9.906692913385827,,249.86
1927-03-01,43.519999999999996,5.3100000000000005,3.2870078740157482,,199.63
1927-04-01,49.1,8.18,2.56496062992126,,252.81
1927-05-01,53.42,9.695,0.9625984251968505,,278.74
1927-06-01,64.22,16.115,0.868503937007874,,179.59
1927-07-01,71.24000000000001,23.509999999999998,0.0,,46.07
1927-08-01,68.54,21.705000000000002,0.0,,14.0
1927-09-01,59.36,14.36,0.08031496062992127,,7.99
1927-10-01,54.5,11.299999999999999,1.7598425196850396,,11.14
1927-11-01,44.6,3.345,8.442913385826772,,74.93
1927-12-01,35.96,2.75,3.189763779527559,,42.27
1928-01-01,37.94,2.68,3.648425196850394,,79.3
1928-02-01,42.08,4.970000000000001,2.916929133858268,,124.66
1928-03-01,46.4,5.095,8.127952755905511,,222.57
1928-04-01,48.2,7.49,2.4968503937007878,,190.9
1928-05-01,62.42,16.810000000000002,0.23267716535433072,,197.71
1928-06-01,62.6,15.719999999999999,0.4996062992125984,,47.43
1928-07-01,71.42,23.669999999999998,0.0,,16.35
1928-08-01,69.44,23.935,0.0,,6.79
1928-09-01,62.959999999999994,18.68,0.3003937007874016,,5.15
1928-10-01,53.24,10.745,0.7913385826771655,,8.83
1928-11-01,42.8,4.2700000000000005,5.173622047244095,,23.14
1928-12-01,35.06,2.535,4.0338582677165356,,25.33
1929-01-01,35.06,2.73,1.8232283464566932,,28.83
1929-02-01,38.48,4.515,2.201968503937008,,45.07
1929-03-01,44.96,6.28,1.778740157480315,,81.88
1929-04-01,45.14,6.445,2.583464566929134,,77.43
1929-05-01,57.2,13.39,0.15551181102362208,,142.07
1929-06-01,60.26,11.47,2.716535433070866,,57.02
1929-07-01,68.72,21.19,0.0,,13.75
1929-08-01,69.08,22.85,0.0,,5.16
1929-09-01,60.62,16.29,0.0,,3.14
1929-10-01,57.02,14.09,0.37244094488188983,,6.92
1929-11-01,45.68,9.39,0.0,,6.85
1929-12-01,43.879999999999995,3.885,10.841732283464568,,148.54
1930-01-01,33.26,2.0949999999999998,5.740157480314961,,39.48
1930-02-01,43.34,4.835,4.228740157480315,,118.99
1930-03-01,46.22,7.295,2.2866141732283465,,148.91
1930-04-01,50.72,8.335,2.9574803149606304,,155.87
1930-05-01,52.34,9.645,1.4807086614173228,,99.1
1930-06-01,63.68,17.45,0.0,,41.26
1930-07-01,69.98,22.655,0.00039370078740157485,,12.02
1930-08-01,67.46,21.075,0.0,,5.39
1930-09-01,60.62,14.535,1.062992125984252,,4.78
1930-10-01,53.24,10.84,0.5964566929133859,,7.13
1930-11-01,43.34,6.285,2.742125984251969,,9.96
1930-12-01,35.24,3.53,1.356692913385827,,14.65
1931-01-01,37.22,2.5300000000000002,5.806299212598425,,33.22
1931-02-01,41.54,3.775,2.1338582677165356,,40.55
1931-03-01,45.68,6.425,3.0905511811023625,,82.29
1931-04-01,52.16,9.97,0.7874015748031497,,84.95
1931-05-01,61.88,15.395,0.9397637795275592,,63.54
1931-06-01,61.519999999999996,12.729999999999999,2.7043307086614172,,38.89
1931-07-01,72.86,25.275,0.0,,8.24
1931-08-01,69.62,24.01,0.0,,3.21
1931-09-01,60.08,15.33,0.25118110236220476,,2.66
1931-10-01,52.16,9.985,2.6397637795275593,,7.71
1931-11-01,38.48,3.725,3.8153543307086615,,10.36
1931-12-01,32.9,1.27,8.708267716535433,,21.26
1932-01-01,32.18,1.525,3.3452755905511813,,30.81
1932-02-01,37.04,3.65,1.134251968503937,,37.12
1932-03-01,44.42,5.460000000000001,2.318110236220473,,166.83
1932-04-01,45.14,5.9399999999999995,2.9913385826771655,,121.27
1932-05-01,53.42,8.84,2.2283464566929134,,201.53
1932-06-01,66.2,18.695,0.27677165354330713,,73.6
1932-07-01,68.0,18.720000000000002,0.0,,16.36
1932-08-01,68.0,20.695,0.0,,5.96
1932-09-01,66.92,21.599999999999998,0.0,,3.4
1932-10-01,54.68,12.475,0.44763779527559056,,5.23
1932-11-01,46.58,5.6,2.689763779527559,,15.01
1932-12-01,32.0,2.18,4.519685039370079,,15.96
1933-01-01,32.0,1.6199999999999999,6.384645669291339,,16.09
1933-02-01,33.08,3.0,1.5003937007874015,,18.03
1933-03-01,42.08,4.095,4.925984251968504,,131.82
1933-04-01,49.46,9.540000000000001,0.8173228346456693,,183.46
1933-05-01,49.28,7.005,2.6196850393700792,,166.98
1933-06-01,62.059999999999995,14.72,0.30669291338582677,,178.88
1933-07-01,72.32,24.13,0.0,,32.63
1933-08-01,70.52,23.605,0.0,,8.29
1933-09-01,60.26,15.105,0.3909448818897638,,5.32
1933-10-01,59.18,14.575000000000001,1.82244094488189,,6.47
1933-11-01,45.86,7.595000000000001,0.23385826771653545,,9.38
1933-12-01,36.32,1.41,8.46732283464567,,27.89
1934-01-01,41.54,3.4450000000000003,3.420078740157481,,77.58
1934-02-01,43.34,3.63,3.7960629921259845,,103.75
1934-03-01,51.98,8.979999999999999,2.632283464566929,,173.34
1934-04-01,53.96,10.83,2.289763779527559,,143.22
1934-05-01,57.56,11.334999999999999,1.419291338582677,,76.77
1934-06-01,60.980000000000004,13.389999999999999,1.2854330708661417,,26.48
1934-07-01,68.0,19.985,0.0,,8.48
1934-08-01,71.24000000000001,23.915,0.1047244094488189,,4.42
1934-09-01,65.84,18.81,0.5409448818897639,,3.26
1934-10-01,53.96,8.965000000000002,2.875984251968504,,12.13
1934-11-01,42.980000000000004,2.54,7.3744094488188985,,81.82
1934-12-01,38.48,2.545,3.462598425196851,,54.06
1935-01-01,34.16,1.77,5.71496062992126,,56.96
1935-02-01,39.92,3.5,3.3500000000000005,,97.48
1935-03-01,38.48,4.155,4.851181102362205,,78.32
1935-04-01,48.379999999999995,5.98,6.9102362204724415,,242.89
1935-05-01,57.2,12.665000000000001,0.41692913385826774,,214.56
1935-06-01,64.22,16.82,0.0,,67.83
1935-07-01,68.0,19.445,0.10748031496062993,,17.06
1935-08-01,70.7,22.955,0.4507874015748031,,6.55
1935-09-01,67.28,21.8,0.5118110236220472,,4.92
1935-10-01,52.7,8.86,1.999212598425197,,9.34
1935-11-01,42.260000000000005,4.904999999999999,1.7586614173228348,,12.44
1935-12-01,38.660000000000004,3.1050000000000004,5.144488188976378,,21.26
1936-01-01,38.839999999999996,2.22,11.568110236220473,,128.32
1936-02-01,39.02,2.775,6.8440944881889765,,147.24
1936-03-01,46.22,7.165,1.3362204724409448,,133.52
1936-04-01,52.52,8.825000000000001,2.645669291338583,,204.66
1936-05-01,58.82,12.58,1.475984251968504,,187.73
1936-06-01,63.32,13.915000000000001,1.8925196850393702,,97.92
1936-07-01,70.88,21.55,0.2720472440944882,,28.76
1936-08-01,70.16,22.675,0.0,,9.35
1936-09-01,63.5,17.545,0.39566929133858275,,5.94
1936-10-01,55.76,12.08,0.07480314960629922,,6.42
1936-11-01,43.7,7.29,0.0,,7.01
1936-12-01,36.14,2.6500000000000004,3.8192913385826777,,8.85
1937-01-01,32.0,1.19,3.5318897637795277,,10.18
1937-02-01,34.34,1.9349999999999998,7.9677165354330715,,20.56
1937-03-01,42.08,3.935,6.066929133858268,,121.31
1937-04-01,46.58,6.32,2.701181102362205,,252.62
1937-05-01,58.28,13.515,0.48661417322834644,,326.45
1937-06-01,62.24,12.915,2.3708661417322836,,160.04
1937-07-01,71.96,22.759999999999998,0.0,,36.97
1937-08-01,67.82,20.295,0.0,,10.56
1937-09-01,63.86,17.69,0.23031496062992127,,6.17
1937-10-01,54.5,8.53,2.9807086614173226,,15.25
1937-11-01,43.879999999999995,3.14,11.291732283464567,,162.14
1937-12-01,40.28,2.82,6.995275590551182,,230.19
1938-01-01,38.3,2.355,4.939370078740158,,111.39
1938-02-01,36.68,1.835,10.406299212598425,,169.98
1938-03-01,39.02,2.595,9.779527559055119,,274.94
1938-04-01,49.1,6.8500000000000005,2.7842519685039373,,330.46
1938-05-01,57.379999999999995,12.295,0.597244094488189,39.22727272727273,451.07
1938-06-01,66.92,20.1,0.19842519685039373,,220.76
1938-07-01,72.86,23.415,0.3114173228346457,,50.65
1938-08-01,68.54,22.275,0.0,,12.74
1938-09-01,65.48,17.785,0.8653543307086615,,7.4
1938-10-01,51.98,7.635,3.059448818897638,,20.17
1938-11-01,40.64,4.8,2.8200787401574803,,33.19
1938-12-01,38.839999999999996,2.595,3.1885826771653543,,48.82
1939-01-01,37.22,2.955,3.574409448818898,,34.53
1939-02-01,35.42,3.2300000000000004,1.888188976377953,,36.06
1939-03-01,45.32,5.8500000000000005,3.1303149606299217,,125.63
1939-04-01,54.5,11.46,0.4196850393700788,17.953333333333333,135.74
1939-05-01,58.28,12.505,2.464173228346457,,75.88
1939-06-01,62.059999999999995,15.13,0.2968503937007874,,27.55
1939-07-01,71.06,22.985,0.2409448818897638,,8.75
1939-08-01,70.88,24.41,0.01889763779527559,,4.37
1939-09-01,64.04,16.525000000000002,0.7216535433070866,,4.12
1939-10-01,54.14,10.785,1.3279527559055118,,7.03
1939-11-01,44.78,7.165,0.38897637795275597,,7.3
1939-12-01,39.92,2.495,5.947244094488189,,85.48
1940-01-01,39.2,2.255,9.050787401574803,,193.82
1940-02-01,40.28,2.095,12.599212598425197,,322.31
1940-03-01,45.5,5.3500000000000005,6.507874015748032,,316.41
1940-04-01,51.44,7.9399999999999995,1.4665354330708662,24.362499999999997,266.96
1940-05-01,59.72,13.344999999999999,1.3283464566929135,,227.06
1940-06-01,68.36,19.695,0.5007874015748032,,84.4
1940-07-01,68.54,19.675,0.020078740157480318,,20.29
1940-08-01,70.88,23.77,0.0,,8.86
1940-09-01,59.72,12.435,1.1874015748031497,,9.25
1940-10-01,53.42,8.030000000000001,3.394488188976378,,14.69
1940-11-01,41.54,3.61,2.4870078740157484,,27.26
1940-12-01,39.2,2.425,12.62204724409449,,155.09
1941-01-01,38.48,1.655,9.168503937007875,,232.7
1941-02-01,42.260000000000005,2.6550000000000002,7.775984251968504,,258.04
1941-03-01,46.4,6.13,4.741338582677166,,367.23
1941-04-01,48.379999999999995,6.46,4.471259842519685,43.5875,359.3
1941-05-01,55.76,8.815000000000001,2.9161417322834646,68.54,520.37
1941-06-01,59.9,11.59,1.3803149606299214,,329.12
1941-07-01,72.32,22.259999999999998,0.2543307086614173,,149.81
1941-08-01,66.38,16.245,0.30157480314960633,,35.11
1941-09-01,59.72,14.06,0.41535433070866146,,16.59
1941-10-01,50.9,8.185,1.5496062992125985,,14.91
1941-11-01,45.5,4.24,3.39251968503937,,34.37
1941-12-01,37.22,1.425,12.791732283464569,,268.38
1942-01-01,37.04,2.375,5.7637795275590555,,206.91
1942-02-01,37.4,2.915,6.812204724409449,,229.25
1942-03-01,42.260000000000005,5.864999999999999,1.189763779527559,,103.09
1942-04-01,46.76,5.694999999999999,5.119291338582678,33.91875,233.91
1942-05-01,51.44,7.720000000000001,3.883464566929134,53.916666666666664,347.89
1942-06-01,61.7,13.764999999999999,0.1799212598425197,,224.18
1942-07-01,71.24000000000001,21.695,0.0,,58.31
1942-08-01,69.62,22.37,0.0,,16.31
1942-09-01,63.86,17.94,0.05866141732283465,,8.5
1942-10-01,55.22,11.16,0.681496062992126,,9.79
1942-11-01,41.9,3.79,6.587795275590552,,42.58
1942-12-01,37.22,1.78,5.949606299212599,,82.42
1943-01-01,36.5,2.63,9.94488188976378,,116.08
1943-02-01,41.54,4.1,2.498818897637795,,136.79
1943-03-01,44.78,4.905,4.624015748031496,,188.5
1943-04-01,50.36,7.055,3.0803149606299214,33.18,229.12
1943-05-01,56.48,11.835,0.6374015748031497,,151.84
1943-06-01,58.64,11.695,1.9519685039370078,,73.89
1943-07-01,70.88,21.924999999999997,0.11299212598425198,,25.57
1943-08-01,66.74000000000001,19.490000000000002,0.0,,9.98
1943-09-01,68.9,22.509999999999998,0.0,,5.61
1943-10-01,52.879999999999995,9.19,2.689763779527559,,13.96
1943-11-01,44.6,5.215,1.8409448818897638,,28.22
1943-12-01,38.839999999999996,2.995,1.7283464566929134,,21.95
1944-01-01,35.96,2.11,4.368503937007874,,28.79
1944-02-01,38.12,2.9299999999999997,4.487007874015748,,61.41
1944-03-01,44.78,6.525,2.5358267716535434,,92.42
1944-04-01,46.4,6.484999999999999,2.6314960629921265,29.00625,101.82
1944-05-01,56.66,11.629999999999999,1.4393700787401575,,166.07
1944-06-01,59.540000000000006,11.565000000000001,1.875984251968504,,77.8
1944-07-01,70.34,21.25,0.3094488188976378,,23.72
1944-08-01,69.08,22.11,0.003543307086614173,,9.21
1944-09-01,67.28,21.56,0.14015748031496064,,5.44
1944-10-01,57.56,11.305,1.486220472440945,,8.16
1944-11-01,39.92,2.035,7.498031496062992,,50.1
1944-12-01,40.28,2.68,4.411023622047245,,96.5
1945-01-01,38.12,2.87,1.5401574803149607,,75.98
1945-02-01,41.54,3.62,6.399212598425197,,177.88
1945-03-01,39.92,4.15,4.711023622047244,,77.89
1945-04-01,50.9,9.38,0.681496062992126,29.493749999999995,182.54
1945-05-01,55.04,9.285,3.71496062992126,,222.12
1945-06-01,63.68,14.405,0.6511811023622047,,83.96
1945-07-01,73.04,22.955000000000002,0.014960629921259844,,24.72
1945-08-01,68.0,20.885,0.008661417322834646,,9.42
1945-09-01,66.2,20.05,0.14173228346456693,,5.24
1945-10-01,57.379999999999995,10.49,4.335433070866142,,26.93
1945-11-01,41.18,2.2,7.836614173228347,,72.06
1945-12-01,36.86,1.6199999999999999,12.188976377952757,,202.94
1946-01-01,36.5,2.6550000000000002,3.4874015748031497,,144.88
1946-02-01,36.32,2.965,3.2877952755905517,,75.85
1946-03-01,42.8,4.59,2.409055118110236,,145.49
1946-04-01,51.8,9.53,0.3622047244094488,34.6125,255.89
1946-05-01,58.459999999999994,13.065,0.6673228346456693,,283.72
1946-06-01,60.62,13.149999999999999,0.11614173228346458,,104.93
1946-07-01,71.06,20.83,0.8059055118110237,,36.77
1946-08-01,69.08,22.494999999999997,0.0,,12.61
1946-09-01,61.34,16.439999999999998,0.20708661417322835,,7.08
1946-10-01,49.64,7.59,1.26496062992126,,10.22
1946-11-01,41.0,3.355,5.469685039370079,,41.1
1946-12-01,38.12,1.8,3.516535433070866,,44.98
1947-01-01,35.96,3.61,1.853937007874016,,25.11
1947-02-01,44.06,4.9399999999999995,3.4181102362204725,,79.82
1947-03-01,46.94,5.74,6.415748031496063,,142.68
1947-04-01,52.879999999999995,9.379999999999999,1.1940944881889763,17.173333333333336,142.27
1947-05-01,60.8,14.659999999999998,0.6866141732283465,,107.93
1947-06-01,60.62,11.385,3.6188976377952757,,81.45
1947-07-01,65.84,16.285,0.2724409448818898,,18.24
1947-08-01,65.48,17.54,0.31614173228346454,,9.02
1947-09-01,65.48,19.630000000000003,0.13661417322834646,,5.96
1947-10-01,52.52,6.385,6.222834645669292,,51.49
1947-11-01,41.54,4.1,1.343700787401575,,34.71
1947-12-01,36.86,2.4749999999999996,1.5311023622047246,,25.02
1948-01-01,39.02,3.7350000000000003,5.222047244094488,,209.78
1948-02-01,36.14,3.17,2.656692913385827,,43.34
1948-03-01,38.660000000000004,3.35,5.449606299212598,,58.71
1948-04-01,41.54,3.09,8.786614173228347,21.941176470588236,214.8
1948-05-01,51.8,7.26,2.3897637795275593,50.9,252.02
1948-06-01,62.24,12.07,2.014173228346457,,206.98
1948-07-01,67.64,17.86,0.44448818897637793,,41.54
1948-08-01,66.38,17.1,0.4437007874015748,,15.57
1948-09-01,61.88,15.965,1.6830708661417324,,10.96
1948-10-01,53.42,8.585,0.9161417322834646,,16.9
1948-11-01,40.82,3.635,2.740944881889764,,25.06
1948-12-01,32.0,0.9650000000000001,5.388976377952756,,26.51
1949-01-01,32.0,2.2800000000000002,0.9110236220472442,,19.24
1949-02-01,33.26,2.1799999999999997,4.891338582677165,,53.54
1949-03-01,40.1,2.315,7.941732283464567,,228.2
1949-04-01,53.24,10.18,0.46023622047244095,33.93529411764706,293.99
1949-05-01,57.379999999999995,9.87,2.060236220472441,35.66,258.99
1949-06-01,64.04,16.19,0.4255905511811024,,91.88
1949-07-01,69.98,21.245,0.01732283464566929,,24.1
1949-08-01,66.56,17.59,0.0,,10.47
1949-09-01,65.48,18.150000000000002,0.2539370078740158,,6.42
1949-10-01,51.620000000000005,10.245,0.4507874015748031,,8.78
1949-11-01,48.379999999999995,6.54,2.3775590551181103,,15.05
1949-12-01,34.88,2.315,1.8625984251968506,,14.87
1950-01-01,32.0,1.155,10.083858267716536,,51.19
1950-02-01,38.3,2.915,4.327559055118111,,76.26
1950-03-01,41.0,3.995,6.0610236220472435,,142.65
1950-04-01,49.28,8.44,1.55748031496063,34.2111111111111,201.58
1950-05-01,57.92,13.155000000000001,1.0988188976377953,47.75714285714285,200.75
1950-06-01,62.059999999999995,13.77,0.9921259842519685,,78.02
1950-07-01,73.22,22.965,0.0,,21.54
1950-08-01,70.7,22.11,0.08267716535433071,,8.38
1950-09-01,64.04,15.725,0.936220472440945,,7.09
1950-10-01,53.42,7.325,9.10236220472441,,129.61
1950-11-01,45.86,2.99,4.37992125984252,,130.72
1950-12-01,41.54,1.595,7.397637795275592,,267.07
1951-01-01,34.52,1.435,8.101968503937009,,106.33
1951-02-01,38.12,2.4200000000000004,5.805511811023623,,230.28
1951-03-01,41.54,5.659999999999999,1.693700787401575,,130.87
1951-04-01,52.879999999999995,9.485000000000001,1.8712598425196851,26.500000000000004,227.0
1951-05-01,56.3,10.545,1.9224409448818898,43.76,222.2
1951-06-01,66.2,17.970000000000002,0.040944881889763786,,75.33
1951-07-01,70.34,21.79,0.0,,22.33
1951-08-01,69.62,21.88,0.27007874015748035,,10.1
1951-09-01,66.74000000000001,19.82,0.1893700787401575,,6.29
1951-10-01,51.44,7.295,3.266929133858268,,17.11
1951-11-01,42.620000000000005,3.1100000000000003,7.460236220472441,,52.29
1951-12-01,33.8,1.26,11.344488188976378,,163.02
1952-01-01,32.0,1.08,8.777559055118111,,74.93
1952-02-01,37.4,2.46,5.676377952755906,,193.33
1952-03-01,38.660000000000004,3.6500000000000004,4.1645669291338585,,181.72
1952-04-01,50.72,8.610000000000001,0.8783464566929133,63.08,371.3
1952-05-01,56.48,11.025,1.8629921259842521,76.10000000000001,399.1
1952-06-01,59.18,10.575,2.8515748031496067,,195.37
1952-07-01,73.4,21.490000000000002,0.4405511811023622,,74.1
1952-08-01,68.36,19.244999999999997,0.0,,20.09
1952-09-01,66.92,18.585,0.2850393700787402,,9.62
1952-10-01,59.18,12.854999999999999,0.4610236220472442,,9.85
1952-11-01,41.18,4.4,3.039763779527559,,13.14
1952-12-01,34.52,0.6900000000000001,14.729133858267717,,58.53
1953-01-01,39.56,1.425,9.015748031496063,,320.44
1953-02-01,41.0,4.305,0.9531496062992126,,138.46
1953-03-01,42.08,4.5249999999999995,3.833464566929134,,145.22
1953-04-01,47.48,7.085,3.2842519685039373,31.385,242.18
1953-05-01,49.64,6.625,3.661417322834646,53.56,250.88
1953-06-01,57.2,9.935,1.667716535433071,,245.82
1953-07-01,70.7,20.889999999999997,0.0,,99.65
1953-08-01,66.38,15.719999999999999,0.5492125984251969,,24.13
1953-09-01,68.0,18.995,0.05118110236220473,,12.23
1953-10-01,53.06,8.93,1.328740157480315,,16.6
1953-11-01,44.6,2.415,5.977559055118111,,99.34
1953-12-01,39.92,2.805,2.2956692913385828,,71.52
1954-01-01,35.06,1.3650000000000002,10.338976377952758,,99.79
1954-02-01,43.34,4.335,4.633070866141733,,223.53
1954-03-01,41.18,4.36,5.209448818897638,28.605263157894736,253.6
1954-04-01,51.98,8.325,3.304724409448819,32.364999999999995,362.05
1954-05-01,58.82,13.05,0.0,38.45714285714286,261.54
1954-06-01,59.18,11.8,1.844488188976378,,91.64
1954-07-01,69.25999999999999,19.89,0.0,,33.13
1954-08-01,64.4,15.19,1.5051181102362203,,18.36
1954-09-01,60.26,13.985,0.4480314960629922,,12.77
1954-10-01,52.34,9.35,0.7240157480314962,,14.25
1954-11-01,44.6,4.125,5.33740157480315,,68.01
1954-12-01,35.06,1.84,6.370472440944883,,72.29
1955-01-01,32.9,1.86,3.1795275590551184,,41.7
1955-02-01,36.32,3.585,1.087007874015748,17.22941176470588,50.59
1955-03-01,41.0,5.125,1.2220472440944883,19.88235294117647,61.01
1955-04-01,41.72,4.67,3.4397637795275595,18.99,88.9
1955-05-01,55.4,11.51,0.1173228346456693,39.41428571428572,196.41
1955-06-01,62.78,14.305,0.31299212598425197,,82.4
1955-07-01,65.3,16.345,0.11023622047244094,,20.42
1955-08-01,70.34,23.965,0.0,,8.42
1955-09-01,63.68,18.78,0.6488188976377953,,6.76
1955-10-01,55.04,10.025,0.6897637795275591,,8.67
1955-11-01,39.74,2.635,6.701574803149606,,30.43
1955-12-01,37.4,1.1500000000000001,14.88503937007874,,318.29
1956-01-01,36.5,0.88,12.020866141732283,,341.16
1956-02-01,34.16,2.75,6.369685039370078,30.4235294117647,146.25
1956-03-01,42.08,5.555000000000001,0.5633858267716536,,168.53
1956-04-01,49.46,7.375,1.4787401574803152,46.44000000000001,290.4
1956-05-01,56.3,10.095,2.603543307086614,58.47142857142857,381.29
1956-06-01,61.88,13.42,0.6125984251968505,,196.09
1956-07-01,71.42,20.605,0.0984251968503937,,50.79
1956-08-01,66.74000000000001,17.665,0.0,,16.14
1956-09-01,64.4,16.685,0.44488188976377957,,8.64
1956-10-01,51.26,7.165,4.2149606299212605,,15.04
1956-11-01,44.239999999999995,5.055,0.39960629921259844,,23.89
1956-12-01,37.94,3.2249999999999996,0.6854330708661418,,26.27
1957-01-01,32.0,2.02,4.759055118110236,,23.88
1957-02-01,41.0,3.005,6.353543307086614,11.84705882352941,172.27
1957-03-01,43.519999999999996,3.575,5.9578740157480325,16.875,194.16
1957-04-01,48.56,6.775,2.4216535433070865,17.9,156.92
1957-05-01,55.58,8.195,4.110629921259843,26.449999999999996,274.71
1957-06-01,65.66,16.439999999999998,0.18425196850393702,,112.04
1957-07-01,69.25999999999999,18.235000000000003,0.00039370078740157485,,26.33
1957-08-01,66.2,17.57,0.0,,11.21
1957-09-01,66.2,17.759999999999998,2.763385826771654,,11.59
1957-10-01,50.18,4.555000000000001,5.888188976377953,,112.56
1957-11-01,41.18,3.4099999999999997,3.763779527559055,,95.84
1957-12-01,38.3,2.12,6.455511811023622,,117.53
1958-01-01,37.4,1.71,7.633858267716536,,170.11
1958-02-01,42.44,1.73,14.643700787401576,20.08823529411765,629.66
1958-03-01,39.02,3.085,6.11259842519685,29.888235294117646,225.61
1958-04-01,47.84,5.94,3.6027559055118115,47.75000000000001,301.52
1958-05-01,60.08,12.1,1.630708661417323,74.42857142857143,542.22
1958-06-01,63.32,10.965000000000002,3.0161417322834647,,284.88
1958-07-01,72.14,18.56,0.8771653543307087,,86.57
1958-08-01,73.58,21.475,0.5082677165354331,,28.85
1958-09-01,64.4,16.615000000000002,0.2940944881889764,,11.53
1958-10-01,57.92,12.735,0.3929133858267717,,11.93
1958-11-01,44.06,3.375,1.4960629921259843,,18.6
1958-12-01,42.980000000000004,3.2199999999999998,2.412204724409449,,19.45
1959-01-01,38.3,2.045,9.321259842519686,,193.99
1959-02-01,37.94,2.55,6.604330708661418,10.005882352941175,118.56
1959-03-01,45.32,6.385,1.9653543307086616,22.664705882352944,151.06
1959-04-01,52.7,9.94,0.5728346456692914,21.37,217.81
1959-05-01,53.24,9.21,0.38070866141732285,21.08571428571429,160.12
1959-06-01,64.58,15.645000000000001,0.0905511811023622,,77.96
1959-07-01,73.4,24.77,0.0,,19.78
1959-08-01,69.62,21.79,0.00039370078740157485,,8.97
1959-09-01,61.34,13.774999999999999,1.5921259842519686,,10.18
1959-10-01,56.120000000000005,10.940000000000001,0.23897637795275592,,9.62
1959-11-01,45.68,7.6450000000000005,0.04488188976377953,,9.2
1959-12-01,36.68,3.34,1.7559055118110238,,12.34
1960-01-01,34.16,1.485,5.6248031496063,,32.23
1960-02-01,37.94,2.975,10.366929133858267,14.552941176470586,155.13
1960-03-01,45.14,5.315,6.409055118110237,20.323529411764707,209.67
1960-04-01,47.120000000000005,5.989999999999999,2.203937007874016,20.874999999999996,163.74
1960-05-01,52.52,8.24,2.8811023622047247,28.271428571428572,204.58
1960-06-01,67.82,19.564999999999998,0.0,,148.02
1960-07-01,74.12,24.58,0.0,,26.03
1960-08-01,69.08,21.77,0.009055118110236222,,10.2
1960-09-01,65.84,19.834999999999997,0.0,,5.89
1960-10-01,54.14,10.059999999999999,0.6700787401574804,,9.96
1960-11-01,41.36,2.645,6.359448818897638,,33.67
1960-12-01,37.76,2.46,6.314566929133858,,102.37
1961-01-01,39.38,3.51,3.8555118110236224,,52.49
1961-02-01,40.82,2.565,5.9389763779527565,12.100000000000003,225.01
1961-03-01,40.82,3.17,6.188582677165354,14.799999999999999,142.27
1961-04-01,49.1,7.74,1.718503937007874,22.404999999999998,181.37
1961-05-01,52.34,7.44,1.9145669291338585,30.32857142857143,218.25
1961-06-01,67.28,18.104999999999997,1.0185039370078741,,160.01
1961-07-01,71.24000000000001,21.794999999999998,0.12559055118110238,,25.43
1961-08-01,71.06,19.415,0.16141732283464566,,8.05
1961-09-01,61.16,15.285,0.7874015748031497,,5.37
1961-10-01,53.96,9.985,1.271259842519685,,9.25
1961-11-01,41.36,4.33,4.982677165354331,,25.7
1961-12-01,35.78,1.66,4.908267716535433,,53.4
1962-01-01,35.06,3.235,2.4322834645669293,,35.8
1962-02-01,38.3,2.6399999999999997,7.251968503937007,14.718749999999998,144.3
1962-03-01,39.74,3.455,4.15748031496063,37.643750000000004,94.7
1962-04-01,52.7,9.99,0.8094488188976378,42.87894736842105,258.7
1962-05-01,52.7,7.995,1.137007874015748,44.857142857142854,175.51
1962-06-01,63.5,16.43,0.39330708661417324,,111.89
1962-07-01,70.52,21.45,0.0,,21.7
1962-08-01,67.82,17.52,1.3086614173228348,,13.76
1962-09-01,65.66,18.47,0.3279527559055118,,4.3
1962-10-01,54.14,7.725,8.88740157480315,,123.91
1962-11-01,45.32,3.7649999999999997,4.635039370078741,,65.18
1962-12-01,39.92,2.19,4.674015748031496,,184.3
1963-01-01,36.14,4.215,2.8980314960629925,,63.3
1963-02-01,46.4,3.455,7.085826771653544,1.5105263157894737,299.1
1963-03-01,41.18,4.27,4.146850393700787,3.5699999999999994,90.49
1963-04-01,42.260000000000005,3.3150000000000004,6.482677165354331,10.41,283.6
1963-05-01,57.02,9.325,1.3480314960629922,25.807692307692307,320.7
1963-06-01,61.7,12.625,0.7240157480314962,,102.2
1963-07-01,66.2,16.36,0.0,,27.0
1963-08-01,67.82,18.275,0.03740157480314961,,5.07
1963-09-01,66.02,15.885,0.11771653543307088,,6.0
1963-10-01,54.5,7.375,2.8472440944881887,,21.89
1963-11-01,41.54,2.1950000000000003,9.161023622047244,,131.25
1963-12-01,38.839999999999996,2.49,2.0515748031496064,,59.4
1964-01-01,34.7,1.49,6.499606299212599,,88.93
1964-02-01,39.74,5.17,0.4334645669291339,15.855,68.22
1964-03-01,40.46,4.67,1.949212598425197,16.389999999999997,59.67
1964-04-01,47.84,8.174999999999999,0.2641732283464567,19.895454545454548,83.16
1964-05-01,53.06,9.459999999999999,0.8562992125984252,13.636363636363637,93.83
1964-06-01,61.519999999999996,11.69,1.26496062992126,,69.61
1964-07-01,71.6,19.78,0.28346456692913385,,25.91
1964-08-01,70.7,21.245,0.0,,18.15
1964-09-01,63.14,15.629999999999999,0.6452755905511811,,13.95
1964-10-01,57.56,10.870000000000001,1.7874015748031495,,17.73
1964-11-01,40.1,2.25,7.780708661417323,,53.34
1964-12-01,38.3,1.1500000000000001,15.86968503937008,,536.55
1965-01-01,35.6,0.915,6.075590551181103,,221.67
1965-02-01,40.1,4.12,1.1976377952755908,30.40588235294117,110.03
1965-03-01,45.14,5.76,1.3570866141732283,31.86875,94.72
1965-04-01,47.3,4.635000000000001,5.913779527559056,25.55,255.66
1965-05-01,55.04,10.815,0.5433070866141733,29.07222222222222,203.31
1965-06-01,63.5,13.680000000000001,0.27677165354330713,,97.3
1965-07-01,70.88,20.349999999999998,0.0,,35.45
1965-08-01,68.36,15.5,1.7661417322834647,,25.11
1965-09-01,62.78,15.61,0.04212598425196851,,13.97
1965-10-01,57.56,11.105,0.18425196850393702,,11.98
1965-11-01,44.239999999999995,2.4749999999999996,9.498425196850393,,102.12
1965-12-01,34.88,1.915,3.0582677165354335,,55.78
1966-01-01,33.98,1.65,6.904724409448819,,95.65
1966-02-01,35.96,2.67,3.323228346456693,20.435294117647054,82.31
1966-03-01,42.620000000000005,4.470000000000001,2.9653543307086614,27.017647058823535,217.5
1966-04-01,53.96,10.41,1.3488188976377953,25.123999999999995,334.43
1966-05-01,61.16,14.395,0.12598425196850396,15.53125,266.23
1966-06-01,63.14,14.645,0.20708661417322835,,80.38
1966-07-01,68.0,18.365,0.0,,35.88
1966-08-01,72.5,23.12,0.12283464566929135,,19.55
1966-09-01,65.12,15.84,0.4921259842519685,,15.66
1966-10-01,55.94,11.245000000000001,0.0,,13.98
1966-11-01,44.78,3.3649999999999998,8.740551181102362,,123.6
1966-12-01,37.94,1.565,6.65236220472441,,154.07
1967-01-01,36.14,1.615,9.46496062992126,,128.02
1967-02-01,39.92,3.535,0.55748031496063,26.94705882352942,147.48
1967-03-01,39.92,3.4499999999999997,5.082283464566929,27.770588235294117,172.55
1967-04-01,38.839999999999996,2.75,5.508661417322834,29.117391304347823,134.21
1967-05-01,57.379999999999995,11.265,0.6271653543307086,37.44375,400.83
1967-06-01,64.22,12.620000000000001,1.05,,250.28
1967-07-01,73.94,22.425,0.08110236220472442,,66.56
1967-08-01,75.74000000000001,24.95,0.14763779527559057,,26.76
1967-09-01,68.9,18.945,0.16456692913385826,,8.86
1967-10-01,53.06,8.215,2.309055118110236,,19.2
1967-11-01,46.4,4.01,2.7559055118110236,,23.36
1967-12-01,32.0,1.4000000000000001,6.292913385826772,,36.64
1968-01-01,33.26,1.74,8.933858267716536,,101.83
1968-02-01,41.72,1.9849999999999999,7.931889763779528,19.747058823529414,292.0
1968-03-01,44.06,4.595,2.465748031496063,20.535294117647055,163.91
1968-04-01,49.46,8.47,0.1551181102362205,24.14,142.5
1968-05-01,55.22,9.98,1.579527559055118,13.733333333333333,144.25
1968-06-01,65.3,16.245,0.3350393700787402,,58.7
1968-07-01,73.58,22.72,0.0,,9.93
1968-08-01,65.84,14.51,1.6637795275590552,,6.91
1968-09-01,65.12,17.23,0.18503937007874016,,9.2
1968-10-01,53.06,8.09,1.867716535433071,,13.07
1968-11-01,41.72,2.005,4.623622047244095,,40.13
1968-12-01,32.9,1.21,10.903543307086615,,89.12
1969-01-01,32.0,0.745,11.025590551181104,,154.61
1969-02-01,33.44,1.1600000000000001,6.976771653543308,31.288235294117644,134.5
1969-03-01,39.74,3.9699999999999998,1.6901574803149606,39.633333333333326,174.32
1969-04-01,46.94,5.875,1.6708661417322834,50.396,349.57
1969-05-01,60.08,12.435,0.5551181102362205,43.394444444444446,523.38
1969-06-01,64.58,12.3,1.0653543307086615,,198.31
1969-07-01,72.32,21.61,0.0,,47.49
1969-08-01,70.88,22.915,0.0,,10.25
1969-09-01,66.38,17.08,0.14173228346456693,,4.75
1969-10-01,49.46,6.56,2.6188976377952757,,14.59
1969-11-01,43.519999999999996,3.985,1.839763779527559,,18.98
1969-12-01,38.3,1.7249999999999999,13.841732283464568,,223.82
1970-01-01,38.48,1.7000000000000002,16.905511811023622,,538.98
1970-02-01,41.72,3.605,2.2496062992125987,19.823529411764707,163.08
1970-03-01,43.16,4.975,3.4440944881889766,23.970588235294116,162.44
1970-04-01,44.239999999999995,6.390000000000001,0.4125984251968504,21.052,111.06
1970-05-01,58.1,12.125,0.4799212598425197,20.922222222222224,196.36
1970-06-01,66.56,15.855,1.3448818897637795,,97.71
1970-07-01,73.75999999999999,23.235,0.0,,26.61
1970-08-01,71.78,23.04,0.0,,6.53
1970-09-01,62.959999999999994,16.855,0.0,,2.98
1970-10-01,52.879999999999995,9.61,3.4468503937007875,,12.36
1970-11-01,43.16,2.095,15.049606299212599,,146.9
1970-12-01,33.08,0.7300000000000001,9.351968503937009,,143.27
1971-01-01,34.16,1.58,6.345275590551181,,240.49
1971-02-01,37.94,3.1799999999999997,0.6137795275590552,31.627777777777776,151.77
1971-03-01,39.02,3.3699999999999997,8.160629921259844,27.674999999999997,207.31
1971-04-01,45.32,5.569999999999999,1.3106299212598425,35.862500000000004,204.79
1971-05-01,53.78,8.135,1.4031496062992126,35.76111111111111,322.46
1971-06-01,61.519999999999996,11.549999999999999,0.8240157480314961,,156.51
1971-07-01,72.32,20.310000000000002,0.05472440944881889,,49.79
1971-08-01,73.04,21.765,0.2562992125984252,,10.66
1971-09-01,62.42,15.635000000000002,0.9318897637795277,,5.27
1971-10-01,49.64,7.234999999999999,1.1826771653543307,,7.19
1971-11-01,40.46,2.87,5.280314960629922,,31.02
1971-12-01,32.0,1.31,5.654724409448819,,40.25
1972-01-01,33.98,2.05,6.238976377952756,,124.07
1972-02-01,38.48,2.295,5.460236220472441,17.713043478260865,127.91
1972-03-01,46.04,4.715,4.170472440944883,25.115000000000002,336.96
1972-04-01,46.04,5.89,2.571259842519685,15.607692307692307,173.34
1972-05-01,57.56,10.99,1.3267716535433072,14.37,193.97
1972-06-01,65.66,15.375,0.797244094488189,,93.39
1972-07-01,71.96,21.805,0.0,,20.0
1972-08-01,70.34,20.21,0.3220472440944882,,9.92
1972-09-01,60.980000000000004,13.73,2.234251968503937,,0.0
1972-10-01,52.16,6.3,3.276377952755906,,19.94
1972-11-01,39.92,1.855,6.151181102362205,,54.86
1972-12-01,32.0,1.7550000000000001,6.944094488188977,,122.02
1973-01-01,33.62,1.77,8.960236220472442,,170.68
1973-02-01,40.1,2.3049999999999997,5.842913385826772,20.07391304347826,163.96
1973-03-01,41.18,3.73,3.7338582677165357,31.261904761904766,139.12
1973-04-01,51.44,8.875,0.5610236220472441,32.41153846153846,223.89
1973-05-01,61.88,13.86,0.3783464566929134,25.245,342.16
1973-06-01,67.1,17.26,0.10118110236220472,,104.82
1973-07-01,72.68,21.905,0.13228346456692913,,29.66
1973-08-01,68.72,20.78,0.0,,3.85
1973-09-01,63.5,15.945,1.9070866141732283,,10.04
1973-10-01,52.16,8.1,4.860236220472442,,42.66
1973-11-01,40.28,1.625,13.656692913385827,,411.82
1973-12-01,41.54,2.4,8.815354330708661,,243.92
1974-01-01,34.7,2.505,8.786220472440945,,533.43
1974-02-01,37.58,3.485,3.9275590551181105,19.16086956521739,113.22
1974-03-01,42.260000000000005,3.62,8.31220472440945,24.328571428571426,307.14
1974-04-01,45.68,5.73,3.2933070866141736,32.45769230769231,257.04
1974-05-01,55.22,10.865,0.2488188976377953,33.900000000000006,371.35
1974-06-01,65.66,16.38,0.5964566929133859,,252.45
1974-07-01,69.25999999999999,17.75,1.5677165354330709,,70.12
1974-08-01,70.7,20.655,0.15669291338582678,,16.46
1974-09-01,68.72,22.82,0.0,,5.05
1974-10-01,55.4,11.75,1.6181102362204727,,0.57
1974-11-01,43.16,3.495,1.683464566929134,,16.35
1974-12-01,36.68,2.18,4.415748031496063,,37.83
1975-01-01,35.6,2.4850000000000003,4.120866141732284,,46.18
1975-02-01,36.86,2.25,8.632677165354332,9.91904761904762,110.12
1975-03-01,39.38,3.195,12.766141732283465,26.33181818181819,259.76
1975-04-01,41.18,4.75,2.1354330708661418,38.22,168.42
1975-05-01,56.3,11.775,0.38188976377952755,37.829166666666666,392.95
1975-06-01,63.5,15.93,0.1346456692913386,,268.8
1975-07-01,69.98,18.224999999999998,0.3366141732283465,,64.35
1975-08-01,67.64,17.62,0.4562992125984252,,14.97
1975-09-01,68.72,20.17,0.0,,9.42
1975-10-01,50.54,6.494999999999999,5.440157480314961,,20.07
1975-11-01,40.64,3.5050000000000003,2.6228346456692915,,43.06
1975-12-01,38.839999999999996,2.29,2.9740157480314964,,55.21
1976-01-01,37.94,3.23,0.8716535433070867,,32.1
1976-02-01,39.56,3.855,5.58740157480315,3.9285714285714297,55.09
1976-03-01,41.9,5.47,1.6822834645669291,7.373684210526315,73.82
1976-04-01,45.32,5.779999999999999,3.1988188976377954,9.684000000000003,126.79
1976-05-01,58.1,13.045,0.10275590551181102,6.177272727272728,177.18
1976-06-01,60.980000000000004,14.68,0.07086614173228346,,46.93
1976-07-01,71.6,19.825,0.462992125984252,,19.18
1976-08-01,64.4,12.335,1.97244094488189,,16.12
1976-09-01,65.66,15.83,1.0326771653543307,,6.43
1976-10-01,56.48,11.674999999999999,0.21141732283464568,,2.68
1976-11-01,47.84,5.8999999999999995,1.0551181102362206,,9.61
1976-12-01,39.2,4.6049999999999995,0.38149606299212596,,6.31
1977-01-01,35.24,2.875,2.82244094488189,,11.72
1977-02-01,43.879999999999995,5.47,2.0641732283464567,3.8619047619047615,14.23
1977-03-01,40.1,4.555,2.5578740157480317,5.328571428571428,19.31
1977-04-01,51.620000000000005,10.265,0.5925196850393701,6.451999999999999,37.18
1977-05-01,49.46,6.36,3.376771653543307,0.6272727272727272,49.83
1977-06-01,68.72,17.634999999999998,0.8870078740157481,,26.55
1977-07-01,71.6,21.325000000000003,0.024409448818897637,,2.14
1977-08-01,72.14,23.11,0.4279527559055118,,2.71
1977-09-01,62.959999999999994,14.895,2.6795275590551184,,16.36
1977-10-01,54.86,9.115,0.9811023622047246,,13.76
1977-11-01,42.260000000000005,3.235,4.7492125984251965,,44.62
1977-12-01,39.74,1.8599999999999999,10.005905511811024,,208.54
1978-01-01,40.64,1.815,10.394881889763779,,401.3
1978-02-01,41.36,2.83,5.493307086614173,26.347826086956523,194.47
1978-03-01,48.2,5.68,6.568503937007875,34.31304347826087,292.61
1978-04-01,46.4,5.16,4.854330708661418,34.476000000000006,219.1
1978-05-01,55.22,10.51,0.33740157480314964,34.24347826086956,290.57
1978-06-01,62.6,14.5,0.8775590551181103,,227.51
1978-07-01,70.7,19.335,0.09094488188976378,,83.41
1978-08-01,69.8,20.290000000000003,0.36811023622047245,,18.99
1978-09-01,59.9,11.98,2.3933070866141732,,35.14
1978-10-01,58.64,13.11,0.0,,9.49
1978-11-01,40.64,4.245,2.0303149606299216,,12.0
1978-12-01,33.98,2.73,0.8480314960629921,,11.11
1979-01-01,34.88,2.545,5.731889763779528,,46.16
1979-02-01,37.76,2.24,6.898425196850394,9.834782608695653,71.69
1979-03-01,45.32,5.09,4.891732283464568,23.930434782608696,168.24
1979-04-01,47.48,5.9799999999999995,1.9271653543307088,21.691999999999997,159.89
1979-05-01,57.92,11.81,1.6433070866141735,21.32608695652174,268.44
1979-06-01,63.68,17.235,0.05551181102362205,,65.19
1979-07-01,70.16,19.995,0.16614173228346457,,20.23
1979-08-01,67.46,17.83,0.9204724409448819,,5.44
1979-09-01,66.56,18.105,0.9492125984251969,,8.67
1979-10-01,55.58,8.355,4.516141732283464,,37.29
1979-11-01,41.18,3.17,6.676771653543308,,80.47
1979-12-01,39.02,3.23,5.3125984251968505,,85.26
1980-01-01,38.48,2.875,5.440551181102363,,236.22
1980-02-01,42.980000000000004,3.07,8.675984251968504,13.117391304347825,306.19
1980-03-01,41.9,4.6,2.070866141732284,22.76086956521739,156.45
1980-04-01,49.82,7.609999999999999,1.8586614173228349,25.820833333333336,196.78
1980-05-01,55.04,10.065000000000001,0.8212598425196851,18.539130434782606,200.9
1980-06-01,58.459999999999994,10.665,0.994488188976378,,102.37
1980-07-01,70.7,19.270000000000003,0.0,,45.56
1980-08-01,69.25999999999999,19.9,0.0,,5.53
1980-09-01,64.04,15.97,0.27755905511811024,,4.02
1980-10-01,56.66,12.045,1.1562992125984253,,7.77
1980-11-01,44.78,5.075,1.1248031496062993,,10.89
1980-12-01,41.0,3.315,5.788976377952756,,62.87
1981-01-01,41.36,3.0149999999999997,6.819685039370079,,130.32
1981-02-01,41.72,3.685,4.5712598425196855,12.426086956521738,160.23
1981-03-01,43.519999999999996,4.460000000000001,4.264173228346457,14.252173913043478,143.62
1981-04-01,51.620000000000005,8.455,1.4948818897637797,17.617391304347827,157.52
1981-05-01,56.84,10.71,1.4822834645669292,8.578260869565216,124.87
1981-06-01,65.66,16.915,0.0,,42.12
1981-07-01,70.7,21.77,0.21968503937007874,,11.44
1981-08-01,71.78,23.225,0.0,,2.51
1981-09-01,66.2,18.695,1.3283464566929135,,1.25
1981-10-01,51.26,7.125,3.2779527559055124,,20.43
1981-11-01,45.14,3.1450000000000005,11.030708661417323,,260.64
1981-12-01,40.1,2.015,11.528346456692914,,340.85
1982-01-01,32.9,2.0,4.735433070866142,,106.6
1982-02-01,39.56,3.4450000000000003,5.576771653543307,15.256521739130434,270.92
1982-03-01,40.64,3.605,5.765354330708662,14.386363636363637,194.94
1982-04-01,44.78,6.1,2.7948818897637793,29.799999999999997,258.71
1982-05-01,58.1,13.155,0.026377952755905515,32.86,301.87
1982-06-01,62.78,12.34,1.9488188976377954,,153.23
1982-07-01,67.64,16.77,0.4161417322834646,,55.77
1982-08-01,68.9,18.24,0.06338582677165355,,15.17
1982-09-01,61.34,13.065,0.74251968503937,,7.24
1982-10-01,52.34,7.095000000000001,4.035826771653544,,44.97
1982-11-01,40.28,2.87,6.9059055118110235,,54.72
1982-12-01,36.68,2.22,8.706692913385828,,155.69
1983-01-01,39.02,2.96,7.786614173228347,,229.05
1983-02-01,40.46,2.53,11.638976377952757,25.033333333333335,273.14
1983-03-01,42.260000000000005,2.665,14.966929133858269,40.785714285714285,479.55
1983-04-01,44.42,5.05,4.508661417322835,53.12608695652173,257.81
1983-05-01,57.2,12.055,0.7448818897637797,55.40909090909092,549.86
1983-06-01,62.059999999999995,13.26,0.2074803149606299,,498.03
1983-07-01,65.3,15.424999999999999,0.5488188976377952,,239.86
1983-08-01,69.08,17.055,1.8366141732283465,,73.0
1983-09-01,64.22,14.379999999999999,1.9700787401574804,,32.28
1983-10-01,55.94,7.845,0.9291338582677167,,22.55
1983-11-01,41.36,1.805,10.792913385826772,,143.73
1983-12-01,37.58,1.185,12.373622047244096,,302.25
1984-01-01,38.839999999999996,2.75,0.5188976377952756,,171.25
1984-02-01,40.64,3.675,4.249212598425197,17.97391304347826,114.18
1984-03-01,46.4,5.49,2.80236220472441,23.81739130434783,166.96
1984-04-01,46.94,6.21,2.5578740157480317,21.300000000000004,166.52
1984-05-01,57.2,11.075,0.6484251968503937,17.73478260869565,262.46
1984-06-01,62.6,13.690000000000001,0.454724409448819,,115.05
1984-07-01,73.75999999999999,22.455000000000002,0.005118110236220473,,37.11
1984-08-01,69.98,19.135,0.328740157480315,,12.91
1984-09-01,65.12,17.17,0.581496062992126,,6.45
1984-10-01,48.92,5.945,3.0712598425196855,,14.2
1984-11-01,39.38,1.96,13.220472440944883,,147.04
1984-12-01,35.24,2.185,2.2724409448818896,,73.02
1985-01-01,38.12,3.7300000000000004,0.6649606299212599,,51.37
1985-02-01,40.46,5.68,2.744094488188977,14.086956521739133,61.55
1985-03-01,40.82,5.06,3.2877952755905517,18.27391304347826,77.31
1985-04-01,53.96,10.315,0.3267716535433071,23.208333333333332,207.34
1985-05-01,55.94,11.075000000000001,0.9602362204724411,9.669565217391305,123.84
1985-06-01,67.46,18.09,0.5783464566929134,,55.58
1985-07-01,73.75999999999999,22.705,0.2862204724409449,,13.75
1985-08-01,68.18,18.975,0.4984251968503937,,7.65
1985-09-01,59.72,12.149999999999999,2.32244094488189,,6.29
1985-10-01,52.879999999999995,8.94,2.5464566929133863,,12.48
1985-11-01,37.04,2.9499999999999997,3.848031496062992,,12.71
1985-12-01,37.94,2.825,3.4838582677165353,,33.27
1986-01-01,42.08,3.11,6.776377952755906,,145.69
1986-02-01,42.8,3.21,13.548425196850394,15.782608695652172,477.72
1986-03-01,48.56,5.445,6.1748031496063,25.521739130434778,346.17
1986-04-01,49.82,6.785,0.9425196850393702,22.841666666666665,182.45
1986-05-01,56.3,10.965,1.3440944881889765,13.465217391304348,184.08
1986-06-01,67.46,16.355,0.0,,70.73
1986-07-01,69.25999999999999,18.165,0.0,,25.88
1986-08-01,72.68,24.259999999999998,0.0,,0.0
1986-09-01,58.459999999999994,11.069999999999999,3.5011811023622053,,13.93
1986-10-01,54.86,8.76,1.5145669291338584,,18.1
1986-11-01,44.6,4.69,0.9614173228346458,,13.09
1986-12-01,37.94,2.2649999999999997,2.9279527559055123,,21.72
1987-01-01,35.42,2.275,5.87244094488189,,43.78
1987-02-01,40.46,3.6350000000000002,4.146062992125985,9.830434782608695,106.67
1987-03-01,42.8,4.619999999999999,5.829527559055118,13.282608695652172,236.19
1987-04-01,54.32,11.115,0.42401574803149605,15.445833333333333,205.87
1987-05-01,59.9,12.905000000000001,0.7421259842519686,3.841176470588235,155.92
1987-06-01,66.92,17.955000000000002,0.13582677165354332,,45.46
1987-07-01,67.28,16.68,0.231496062992126,,12.84
1987-08-01,71.78,23.79,0.0,,9.76
1987-09-01,66.2,18.685000000000002,0.0,,0.0
1987-10-01,60.26,13.254999999999999,0.4192913385826772,,0.13
1987-11-01,43.879999999999995,3.2399999999999998,2.493700787401575,,9.22
1987-12-01,35.42,1.57,10.17716535433071,,194.01
1988-01-01,35.24,1.825,6.634251968503937,,102.64
1988-02-01,43.7,6.324999999999999,0.18858267716535435,14.909090909090908,104.26
1988-03-01,45.68,7.09,0.734251968503937,15.200000000000005,111.11
1988-04-01,50.54,7.305000000000001,3.1783464566929136,7.650000000000001,137.29
1988-05-01,52.879999999999995,8.89,2.5358267716535434,4.434782608695652,141.15
1988-06-01,62.78,12.969999999999999,1.7972440944881891,,101.33
1988-07-01,74.3,23.6,0.29448818897637796,,27.71
1988-08-01,72.14,22.925,0.0,,7.39
1988-09-01,66.2,20.625,0.0,,0.27
1988-10-01,60.8,14.095,0.17637795275590554,,1.54
1988-11-01,41.9,2.06,10.760629921259843,,59.61
1988-12-01,37.22,3.105,3.1244094488188976,,38.38
1989-01-01,34.34,1.995,2.7669291338582678,,45.73
1989-02-01,35.78,3.0,1.201968503937008,14.339130434782609,48.49
1989-03-01,42.620000000000005,3.28,11.361417322834646,16.752173913043475,365.92
1989-04-01,53.24,8.675,2.075984251968504,21.087500000000002,243.76
1989-05-01,55.4,8.755,1.010236220472441,9.343478260869567,153.78
1989-06-01,65.3,14.195,0.39212598425196854,,60.21
1989-07-01,69.44,18.995,0.0,,15.36
1989-08-01,67.64,17.85,0.1889763779527559,,7.15
1989-09-01,63.32,15.035,3.7,,10.43
1989-10-01,52.879999999999995,7.81,3.413779527559055,,53.26
1989-11-01,45.14,5.045,1.3185039370078742,,21.41
1989-12-01,41.36,3.92,0.0578740157480315,,16.44
1990-01-01,37.94,1.9649999999999999,6.448425196850394,,84.44
1990-02-01,36.14,3.695,2.6866141732283464,7.856521739130434,43.32
1990-03-01,46.58,5.55,2.319291338582677,15.365217391304345,111.79
1990-04-01,55.04,8.41,0.8555118110236221,11.945833333333333,98.87
1990-05-01,54.5,9.315000000000001,6.139763779527559,2.008695652173913,156.55
1990-06-01,62.24,13.25,0.27086614173228346,,80.31
1990-07-01,73.04,20.47,0.48346456692913387,,18.92
1990-08-01,70.34,18.56,0.8236220472440946,,3.36
1990-09-01,66.02,15.785,0.6007874015748031,,4.49
1990-10-01,56.120000000000005,10.77,0.9145669291338583,,2.17
1990-11-01,42.620000000000005,4.23,0.9023622047244095,,5.25
1990-12-01,32.0,2.375,1.465748031496063,,7.7
1991-01-01,38.660000000000004,3.72,1.4133858267716535,,14.66
1991-02-01,46.4,5.58,3.357874015748032,3.5681818181818183,27.31
1991-03-01,39.38,2.9850000000000003,9.55472440944882,3.069565217391304,96.57
1991-04-01,47.120000000000005,5.86,1.7169291338582677,18.029166666666665,103.65
1991-05-01,53.06,8.44,0.925984251968504,12.143478260869562,122.36
1991-06-01,61.34,13.1,0.40944881889763785,,60.45
1991-07-01,74.48,21.560000000000002,0.5767716535433072,,17.55
1991-08-01,69.8,18.599999999999998,0.1346456692913386,,8.59
1991-09-01,70.7,22.775000000000002,0.0,,6.58
1991-10-01,59.72,15.355,1.2913385826771653,,6.61
1991-11-01,46.22,4.6,2.8114173228346457,,8.22
1991-12-01,38.3,2.645,3.8854330708661418,,14.54
1992-01-01,37.94,2.835,2.983464566929134,,26.33
1992-02-01,43.519999999999996,3.35,8.255905511811024,8.50909090909091,155.75
1992-03-01,47.3,4.605,4.104724409448819,17.768181818181816,171.52
1992-04-01,53.06,7.415,3.0000000000000004,15.2875,271.53
1992-05-01,63.5,15.285,0.8452755905511811,5.3619047619047615,182.48
1992-06-01,66.56,15.555,2.8236220472440947,,41.21
1992-07-01,70.16,17.285,0.25748031496062995,,15.47
1992-08-01,73.04,24.869999999999997,0.0,,4.99
1992-09-01,65.48,17.97,0.0,,2.81
1992-10-01,57.74,10.65,3.305511811023622,,5.9
1992-11-01,43.7,3.815,1.953937007874016,,14.76
1992-12-01,34.16,1.435,8.628346456692913,,41.84
1993-01-01,32.54,1.4049999999999998,8.918897637795276,,80.34
1993-02-01,37.22,2.22,5.661417322834646,34.14583333333334,158.09
1993-03-01,46.76,3.755,4.957086614173228,45.30833333333334,395.86
1993-04-01,46.94,5.235,3.812204724409449,39.692,227.35
1993-05-01,55.58,8.17,5.136220472440946,31.999999999999996,476.11
1993-06-01,61.16,12.75,1.4031496062992126,,254.03
1993-07-01,66.56,16.985,0.0,,59.0
1993-08-01,68.54,17.904999999999998,0.310236220472441,,19.16
1993-09-01,65.84,18.64,0.05314960629921261,,7.67
1993-10-01,57.2,9.165000000000001,1.704724409448819,,9.83
1993-11-01,42.260000000000005,5.715,1.1346456692913387,,5.92
1993-12-01,37.22,2.07,4.711417322834646,,39.88
1994-01-01,39.74,2.775,3.5220472440944883,,61.15
1994-02-01,38.12,2.78,4.355118110236221,9.50869565217391,53.72
1994-03-01,47.66,6.82,0.9476377952755907,18.995652173913044,93.68
1994-04-01,51.08,7.985,1.7043307086614174,14.208333333333336,111.29
1994-05-01,58.459999999999994,10.055,1.7795275590551183,7.505000000000001,116.14
1994-06-01,63.5,15.785,0.17244094488188977,,26.47
1994-07-01,75.56,25.714999999999996,0.0,,4.53
1994-08-01,69.98,22.53,0.0,,0.0
1994-09-01,66.92,19.294999999999998,0.27086614173228346,,0.0
1994-10-01,53.96,10.120000000000001,0.09330708661417324,,0.0
1994-11-01,34.7,1.915,6.097637795275591,,13.22
1994-12-01,35.6,1.4949999999999999,5.0007874015748035,,20.09
1995-01-01,38.48,0.96,18.898425196850393,,251.35
1995-02-01,46.94,5.34,1.754724409448819,37.94347826086957,274.22
1995-03-01,42.08,3.545,12.79212598425197,36.891304347826086,452.43
1995-04-01,47.120000000000005,6.145,4.685433070866142,46.116666666666674,263.64
1995-05-01,55.58,8.88,1.9960629921259845,46.24090909090909,366.68
1995-06-01,61.519999999999996,12.145,2.4228346456692913,,269.19
1995-07-01,68.72,15.559999999999999,0.4929133858267717,,94.85
1995-08-01,68.54,19.860000000000003,0.0,,15.42
1995-09-01,67.1,18.29,0.0,,0.0
1995-10-01,56.3,12.785,0.015354330708661419,,2.28
1995-11-01,49.64,5.23,0.6456692913385826,,6.22
1995-12-01,40.64,1.395,11.802755905511813,,126.75
1996-01-01,37.94,1.4100000000000001,9.958267716535433,,133.8
1996-02-01,42.620000000000005,2.85,7.088976377952757,14.504347826086958,356.73
1996-03-01,45.32,5.13,3.2173228346456693,19.278260869565216,213.69
1996-04-01,49.1,6.76,3.588976377952756,21.5625,221.34
1996-05-01,55.22,10.085,4.171259842519685,18.759090909090908,247.53
1996-06-01,64.58,15.645,0.48976377952755906,,94.17
1996-07-01,74.66,21.82,0.48149606299212605,,26.75
1996-08-01,71.96,24.725,0.0,,0.0
1996-09-01,63.5,16.74,0.5503937007874016,,0.0
1996-10-01,53.78,10.434999999999999,2.2433070866141733,,2.4
1996-11-01,44.78,3.48,4.135433070866142,,76.93
1996-12-01,38.660000000000004,1.245,16.724015748031498,,425.53
1997-01-01,37.22,1.6199999999999999,8.528346456692914,,430.67
1997-02-01,41.0,3.515,1.2055118110236223,20.269565217391303,107.64
1997-03-01,47.66,6.409999999999999,2.341732283464567,20.0304347826087,116.1
1997-04-01,49.28,6.5600000000000005,2.348425196850394,15.90833333333333,152.44
1997-05-01,61.519999999999996,13.33,0.2854330708661417,7.036363636363637,110.69
1997-06-01,63.14,12.38,2.249212598425197,,34.9
1997-07-01,70.34,19.015,0.28858267716535435,,13.06
1997-08-01,69.8,17.965,1.004724409448819,,5.16
1997-09-01,64.22,14.395,0.7933070866141733,,2.83
1997-10-01,52.879999999999995,7.75,2.495275590551181,,7.63
1997-11-01,45.32,2.49,6.401968503937009,,53.01
1997-12-01,37.4,2.295,3.412992125984252,,61.13
1998-01-01,39.38,0.6000000000000001,13.915748031496063,,320.09
1998-02-01,37.94,0.915,16.08425196850394,19.97391304347826,339.03
1998-03-01,44.06,3.77,7.203149606299213,41.02608695652174,452.98
1998-04-01,47.66,6.09,2.7952755905511815,37.920833333333334,258.69
1998-05-01,50.36,4.045,4.77992125984252,27.977777777777774,421.62
1998-06-01,62.78,10.35,1.3145669291338584,,500.5
1998-07-01,72.68,18.630000000000003,0.09291338582677165,,217.04
1998-08-01,73.4,23.02,0.0,,33.48
1998-09-01,68.0,17.21,0.2098425196850394,,9.92
1998-10-01,53.6,8.365,1.5905511811023623,,8.33
1998-11-01,42.08,1.61,10.015748031496063,,81.13
1998-12-01,35.42,2.035,2.8578740157480316,,87.32
1999-01-01,39.02,2.815,4.5956692913385835,,103.27
1999-02-01,36.86,1.6,9.90472440944882,16.66086956521739,132.65
1999-03-01,41.36,3.4450000000000003,3.8700787401574805,29.513043478260872,189.14
1999-04-01,48.02,7.3549999999999995,1.4078740157480314,29.758333333333326,224.39
1999-05-01,56.66,10.770000000000001,0.1641732283464567,20.19,334.26
1999-06-01,63.32,13.950000000000001,0.14488188976377955,,176.36
1999-07-01,69.08,20.87,0.0,,37.29
1999-08-01,69.08,16.895,0.20236220472440944,,8.56
1999-09-01,68.0,20.855,0.0,,6.19
1999-10-01,57.92,13.13,1.6425196850393702,,4.71
1999-11-01,46.76,2.8600000000000003,4.487007874015748,,43.44
1999-12-01,39.56,3.06,1.6787401574803151,,34.23
2000-01-01,39.2,1.11,7.588976377952756,,172.43
2000-02-01,40.82,0.925,10.399212598425198,12.965217391304348,269.16
2000-03-01,44.6,4.68,3.2283464566929134,27.191304347826087,206.05
2000-04-01,52.34,7.4,3.8366141732283467,27.066666666666674,333.63
2000-05-01,56.66,9.685,1.683464566929134,13.61111111111111,277.93
2000-06-01,67.64,18.2,0.44724409448818897,,156.24
2000-07-01,69.8,17.355,0.12913385826771653,,41.55
2000-08-01,71.96,21.744999999999997,0.0,,0.0
2000-09-01,64.04,14.45,1.0118110236220472,,0.0
2000-10-01,54.5,8.73,3.1090551181102364,,12.29
2000-11-01,41.18,2.915,1.2133858267716535,,16.35
2000-12-01,40.28,2.7249999999999996,2.295275590551181,,17.46
2001-01-01,38.48,3.23,4.5338582677165356,,27.37
2001-02-01,37.76,2.43,5.163779527559055,8.795652173913044,57.18
2001-03-01,48.02,5.64,3.392913385826772,18.321739130434786,194.63
2001-04-01,47.3,5.695,1.7586614173228348,15.427999999999999,145.34
2001-05-01,63.86,16.265,0.3421259842519685,10.205,186.14
2001-06-01,64.4,14.76,1.0244094488188977,,42.35
2001-07-01,72.68,18.555,0.2031496062992126,,23.71
2001-08-01,72.68,21.775,0.0,,9.2
2001-09-01,67.28,18.169999999999998,1.1775590551181103,,4.61
2001-10-01,58.64,12.9,0.8645669291338584,,3.16
2001-11-01,44.6,2.815,9.609448818897638,,65.7
2001-12-01,35.96,0.86,9.970078740157481,,106.48
2002-01-01,36.5,2.025,4.326377952755906,,247.7
2002-02-01,42.620000000000005,4.21,3.850393700787402,19.730434782608697,126.88
2002-03-01,42.980000000000004,5.61,2.5236220472440944,21.8,125.39
2002-04-01,52.52,8.705,1.2334645669291338,23.27083333333334,254.29
2002-05-01,56.120000000000005,10.595,1.1244094488188976,5.5555555555555545,173.4
2002-06-01,66.56,16.585,0.2456692913385827,,81.57
2002-07-01,75.02,24.89,0.1125984251968504,,22.92
2002-08-01,71.24000000000001,23.54,0.015354330708661419,,5.56
2002-09-01,67.64,21.8,0.00039370078740157485,,1.47
2002-10-01,56.3,13.545,0.0,,1.23
2002-11-01,46.58,5.655,4.269685039370079,,17.73
2002-12-01,39.38,1.265,17.263385826771653,,202.58
2003-01-01,43.16,1.605,5.273228346456693,,328.53
2003-02-01,42.620000000000005,4.27,2.0929133858267717,18.569565217391304,133.59
2003-03-01,45.68,4.2749999999999995,4.720866141732284,19.454166666666662,181.64
2003-04-01,43.7,3.31,6.989763779527559,17.53333333333333,231.09
2003-05-01,56.48,10.645,0.7429133858267717,23.509090909090904,361.85
2003-06-01,68.54,18.675,0.0,,238.68
2003-07-01,75.38,24.91,0.05236220472440945,,56.74
2003-08-01,70.34,17.965,1.0771653543307087,,23.8
2003-09-01,68.72,22.37,0.2177165354330709,,11.03
2003-10-01,59.540000000000006,14.36,0.0,,5.17
2003-11-01,40.64,2.5700000000000003,5.531889763779527,,29.92
2003-12-01,38.12,1.24,11.165748031496063,,138.83
2004-01-01,37.22,1.4849999999999999,6.685433070866142,,118.2
2004-02-01,40.1,2.795,9.725196850393703,20.108695652173914,269.84
2004-03-01,50.9,8.879999999999999,1.9677165354330708,30.37391304347826,263.5
2004-04-01,52.52,9.395,1.612204724409449,25.46666666666667,235.49
2004-05-01,57.74,11.41,0.6220472440944883,16.990909090909092,229.51
2004-06-01,66.02,17.35,0.18779527559055118,,111.97
2004-07-01,73.75999999999999,21.4,0.03858267716535433,,32.21
2004-08-01,71.42,21.580000000000002,0.013385826771653545,,7.02
2004-09-01,65.3,18.68,0.0,,1.96
2004-10-01,54.32,9.629999999999999,4.0338582677165356,,12.34
2004-11-01,43.879999999999995,3.89,1.7866141732283467,,16.15
2004-12-01,39.56,2.39,10.105118110236221,,86.25
2005-01-01,39.2,2.2,4.782677165354331,,116.91
2005-02-01,43.7,3.72,3.9185039370078742,20.09130434782608,106.76
2005-03-01,47.3,6.265,6.992913385826772,23.139130434782604,191.29
2005-04-01,48.02,6.0649999999999995,2.9456692913385827,26.654166666666665,178.74
2005-05-01,56.120000000000005,8.25,7.948818897637796,24.220000000000002,398.73
2005-06-01,59.540000000000006,10.235,3.39251968503937,,207.55
2005-07-01,74.84,23.515,0.0,,76.27
2005-08-01,73.04,23.725,0.0,,15.38
2005-09-01,63.5,16.445,0.0,,8.54
2005-10-01,54.5,9.41,0.4334645669291339,,11.16
2005-11-01,44.06,3.485,6.41496062992126,,34.16
2005-12-01,38.3,1.1549999999999998,18.3240157480315,,338.6
2006-01-01,37.04,0.9750000000000001,9.03976377952756,,266.44
2006-02-01,41.9,4.84,4.524409448818898,12.769565217391301,182.39
2006-03-01,37.76,2.74,8.342913385826773,15.117391304347825,190.04
2006-04-01,47.66,5.550000000000001,7.599212598425198,28.920833333333338,355.34
2006-05-01,59.72,12.829999999999998,2.3688976377952757,38.154545454545456,659.36
2006-06-01,68.0,17.150000000000002,0.7011811023622048,,271.23
2006-07-01,75.56,24.905,0.0,,63.68
2006-08-01,70.88,21.615,0.09685039370078741,,19.45
2006-09-01,66.02,21.35,0.0,,8.82
2006-10-01,54.86,11.5,0.16377952755905514,,6.17
2006-11-01,43.7,3.1,5.317716535433071,,35.67
2006-12-01,38.48,3.34,7.3413385826771655,,94.6
2007-01-01,37.58,4.22,0.9220472440944883,,56.64
2007-02-01,41.0,3.325,6.798031496062992,6.591304347826088,118.12
2007-03-01,49.28,7.48,0.5649606299212598,15.547619047619047,151.79
2007-04-01,50.72,8.58,2.2893700787401574,10.345833333333335,114.07
2007-05-01,59.72,13.85,0.6421259842519685,7.4772727272727275,114.07
2007-06-01,65.48,17.125,0.07283464566929135,,27.36
2007-07-01,73.22,21.625,0.8964566929133858,,13.3
2007-08-01,71.6,22.115,0.02283464566929134,,1.25
2007-09-01,64.22,16.49,0.04488188976377953,,0.0
2007-10-01,51.44,6.2299999999999995,3.9657480314960636,,21.36
2007-11-01,46.58,4.92,0.9157480314960631,,11.58
2007-12-01,35.24,1.735,6.215354330708662,,36.96
2008-01-01,34.34,1.7249999999999999,12.352755905511811,,63.08
2008-02-01,40.82,3.93,5.386614173228346,19.913636363636364,82.04
2008-03-01,43.879999999999995,5.720000000000001,0.37992125984251973,27.5304347826087,128.25
2008-04-01,47.66,8.55,0.6015748031496063,24.0125,142.35
2008-05-01,58.28,12.565,1.6263779527559057,15.399999999999999,252.37
2008-06-01,64.75999999999999,17.44,0.09606299212598425,,77.08
2008-07-01,71.96,22.345,0.0,,14.84
2008-08-01,72.68,23.34,0.0011811023622047244,,3.7
2008-09-01,67.46,22.795,0.0,,1.1
2008-10-01,55.76,11.445,1.4870078740157482,,9.73
2008-11-01,46.58,3.29,4.212992125984252,,46.86
2008-12-01,35.6,2.3800000000000003,3.9417322834645674,,17.57
2009-01-01,40.46,3.895,1.0618110236220473,,33.86
2009-02-01,39.56,3.34,7.269291338582677,8.543478260869565,76.81
2009-03-01,43.7,5.154999999999999,3.7062992125984255,17.10434782608696,184.68
2009-04-01,49.64,9.195,1.1027559055118112,19.60833333333333,136.27
2009-05-01,60.62,13.625,4.955905511811023,11.145454545454546,206.98
2009-06-01,64.4,13.535,2.5165354330708665,,56.95
2009-07-01,73.75999999999999,26.355,0.0,,14.99
2009-08-01,71.06,23.035,0.2980314960629922,,7.82
2009-09-01,69.25999999999999,22.73,0.026377952755905515,,0.0
2009-10-01,52.879999999999995,7.83,4.2377952755905515,,16.68
2009-11-01,43.16,3.935,1.873228346456693,,14.4
2009-12-01,35.42,1.9700000000000002,5.11732283464567,,32.33
2010-01-01,40.64,1.52,14.627559055118112,,149.79
2010-02-01,41.72,2.515,6.062204724409448,19.239130434782613,149.29
2010-03-01,43.879999999999995,5.199999999999999,2.6846456692913385,22.800000000000004,149.88
2010-04-01,44.6,5.260000000000001,7.219685039370079,25.5,215.59
2010-05-01,50.72,7.25,2.544488188976378,28.429999999999996,283.91
2010-06-01,62.959999999999994,13.21,0.525984251968504,,387.53
2010-07-01,73.58,23.66,0.0011811023622047244,,104.08
2010-08-01,70.16,20.41,0.17322834645669294,,19.58
2010-09-01,64.58,16.595,0.6649606299212599,,13.37
2010-10-01,55.76,10.03,7.166535433070867,,39.19
2010-11-01,42.08,2.93,3.4000000000000004,,63.27
2010-12-01,39.56,1.21,10.853543307086616,,187.06
2011-01-01,39.92,2.9549999999999996,1.6665354330708662,,134.81
2011-02-01,38.48,3.82,2.9940944881889764,18.272727272727277,88.14
2011-03-01,40.64,2.295,13.539763779527561,27.557142857142853,231.72
2011-04-01,46.22,5.5649999999999995,2.603543307086614,41.93181818181818,244.44
2011-05-01,50.9,8.195,2.6500000000000004,42.095454545454544,279.3
2011-06-01,60.8,12.39,3.2775590551181106,,352.19
2011-07-01,68.9,16.655,0.09251968503937008,,127.57
2011-08-01,71.06,21.17,0.0,,28.49
2011-09-01,68.9,21.575000000000003,0.065748031496063,,13.3
2011-10-01,54.86,7.445,3.889370078740158,,22.8
2011-11-01,41.72,3.26,2.8708661417322836,,21.05
2011-12-01,38.12,3.8049999999999997,0.494488188976378,,17.29
2012-01-01,37.76,3.01,8.125590551181102,,42.29
2012-02-01,41.0,4.105,1.9771653543307088,4.627272727272729,58.95
2012-03-01,40.28,3.41,10.115354330708662,5.200000000000002,183.32
2012-04-01,48.92,6.3500000000000005,3.739370078740158,14.287500000000001,303.03
2012-05-01,57.92,12.66,0.36811023622047245,11.709090909090907,237.48
2012-06-01,61.16,14.0,0.6775590551181103,,81.16
2012-07-01,70.52,20.25,0.310236220472441,,32.78
2012-08-01,73.94,25.775,0.0,,7.92
2012-09-01,68.54,22.645,0.0,,6.18
2012-10-01,56.48,11.245,0.6992125984251969,,5.82
2012-11-01,44.78,2.7199999999999998,8.66968503937008,,71.49
2012-12-01,35.6,1.1349999999999998,13.31220472440945,,182.53
2013-01-01,35.42,2.8899999999999997,1.2460629921259843,,67.38
2013-02-01,40.64,5.01,0.40905511811023626,13.508695652173914,63.94
2013-03-01,46.94,6.115,2.704724409448819,13.495652173913046,114.5
2013-04-01,51.98,8.89,1.4885826771653545,10.6625,160.2
2013-05-01,57.74,11.56,0.9751968503937009,3.159090909090909,83.22
2013-06-01,65.84,16.54,1.424015748031496,,19.02
2013-07-01,74.84,25.335,0.13503937007874017,,10.25
2013-08-01,69.98,19.28,0.23110236220472444,,5.74
2013-09-01,63.86,15.335,1.0913385826771653,,7.77
2013-10-01,52.879999999999995,10.549999999999999,0.11929133858267717,,7.92
2013-11-01,45.5,5.96,1.3767716535433072,,8.07
2013-12-01,36.14,3.6950000000000003,0.21220472440944882,,7.74
2014-01-01,42.260000000000005,5.37,0.7464566929133859,,9.27
2014-02-01,42.08,3.295,5.685433070866142,0.39473684210526316,47.4
2014-03-01,47.120000000000005,5.92,7.453937007874017,1.9285714285714286,152.28
2014-04-01,51.44,8.615,1.0125984251968505,4.545454545454546,76.24
2014-05-01,58.64,13.305,0.22677165354330708,2.2045454545454546,31.61
2014-06-01,65.84,18.55,0.007086614173228346,,12.47
2014-07-01,76.46,26.98,0.05118110236220473,,7.57
2014-08-01,73.04,22.939999999999998,0.016929133858267716,,2.66
2014-09-01,67.46,19.205,1.9956692913385827,,5.92
2014-10-01,57.2,10.355,3.468897637795276,,18.65
2014-11-01,46.22,3.24,3.994094488188977,,30.97
2014-12-01,42.08,1.275,10.274015748031497,,270.7
2015-01-01,43.34,4.12,1.1767716535433073,,80.94
2015-02-01,47.3,5.42,5.751968503937008,3.9473684210526314,289.02
2015-03-01,50.54,7.7,1.0811023622047244,2.619047619047619,65.44
2015-04-01,50.54,9.215,1.3307086614173227,2.1363636363636362,55.28
2015-05-01,58.1,10.559999999999999,0.47165354330708664,1.9,39.48
2015-06-01,70.52,20.79,0.27755905511811024,,18.04
2015-07-01,72.86,20.7,0.9354330708661418,,9.0
2015-08-01,71.24000000000001,20.314999999999998,0.06023622047244095,,5.12
2015-09-01,65.3,18.865,0.6401574803149608,,6.8
2015-10-01,59.9,12.209999999999999,0.4559055118110236,,0.0
2015-11-01,42.44,3.92,1.1318897637795275,,3.6
2015-12-01,35.6,0.81,10.9248031496063,,52.99
2016-01-01,38.12,1.31,13.256692913385828,,219.62
2016-02-01,44.96,4.79,1.3397637795275592,17.5,179.88
2016-03-01,44.78,4.075,8.915748031496063,18.095238095238095,441.25
2016-04-01,53.78,8.774999999999999,1.633464566929134,22.083333333333332,256.73
2016-05-01,58.1,10.100000000000001,0.9826771653543308,11.5,172.31
2016-06-01,67.1,17.91,0.8543307086614174,,60.41
2016-07-01,72.32,22.955000000000002,0.0,,21.36
2016-08-01,74.3,26.31,0.0,,6.74
2016-09-01,66.38,19.245,0.0,,3.91
2016-10-01,52.34,5.49,6.873622047244095,,92.06
2016-11-01,45.14,2.8649999999999998,4.353149606299213,,97.23
2016-12-01,34.88,1.705,6.621259842519685,,184.33
2017-01-01,34.88,1.5150000000000001,13.525984251968504,,220.03
2017-02-01,40.28,2.18,8.853543307086614,23.11904761904762,476.65
2017-03-01,45.68,4.2,5.113779527559055,33.28260869565217,338.89
2017-04-01,46.94,5.35,5.588976377952757,33.916666666666664,285.84
2017-05-01,59.540000000000006,13.035,0.2248031496062992,31.925,342.65
2017-06-01,66.38,16.33,0.8366141732283465,,128.79
2017-07-01,74.66,25.380000000000003,0.0,,23.17
2017-08-01,76.28,26.135,0.0007874015748031497,,9.98
2017-09-01,66.92,17.950000000000003,0.38582677165354334,,6.9
2017-10-01,55.4,11.8,0.6133858267716535,,9.52
2017-11-01,43.879999999999995,2.23,5.496850393700788,,48.26
2017-12-01,39.56,3.6350000000000002,0.19606299212598427,,18.34
2018-01-01,41.72,1.76,4.575590551181103,,64.01
2018-02-01,41.54,5.404999999999999,0.2799212598425197,4.2,42.71
2018-03-01,41.36,3.975,4.511023622047245,3.4,90.66
2018-04-01,50.0,7.53,4.579133858267717,11.916666666666666,155.96
2018-05-01,60.26,11.065,1.3515748031496062,5.875,74.85
2018-06-01,65.3,16.945,0.008661417322834646,,17.04
2018-07-01,75.92,26.619999999999997,0.02795275590551181,,10.41
2018-08-01,71.6,22.725,0.0,,1.39
2018-09-01,65.66,19.705,0.04960629921259843,,2.43
2018-10-01,56.66,11.155000000000001,0.3078740157480315,,2.89
2018-11-01,46.4,6.945,6.353149606299213,,17.96
2018-12-01,38.3,1.75,3.512204724409449,,44.59
2019-01-01,40.82,2.895,8.70984251968504,,148.48
2019-02-01,34.88,1.805,13.47716535433071,15.826086956521738,169.72
2019-03-01,42.260000000000005,3.94,6.354724409448819,29.69047619047619,220.05
2019-04-01,52.7,7.6450000000000005,3.3330708661417323,41.895833333333336,448.65
2019-05-01,56.120000000000005,9.57,3.4476377952755906,31.977272727272727,352.35
2019-06-01,66.02,16.985,0.07598425196850393,,171.88
2019-07-01,70.34,18.72,0.0,,34.23
2019-08-01,72.68,21.17,0.4047244094488189,,10.94
2019-09-01,63.68,14.76,0.6751968503937008,,1.26
2019-10-01,51.26,10.185,0.11535433070866143,,4.32
2019-11-01,47.3,7.73,1.8645669291338582,,12.65
2019-12-01,38.660000000000004,1.245,7.079527559055118,,56.65
2020-01-01,38.660000000000004,1.52,4.5956692913385835,,66.58
2020-02-01,44.06,6.62,0.0007874015748031497,11.0,45.84
2020-03-01,42.620000000000005,4.905,2.173622047244095,9.214285714285714,38.42
2020-04-01,52.34,8.635,2.119291338582677,11.605263157894736,100.96
2020-05-01,57.379999999999995,10.98,3.649212598425197,5.361111111111111,91.47
2020-06-01,64.4,14.93,0.10748031496062993,,26.81
2020-07-01,73.22,22.975,0.3267716535433071,,9.03
2020-08-01,74.84,22.95,0.047637795275590554,,2.68
2020-09-01,69.08,21.4,0.0,,0.0
2020-10-01,61.7,16.435000000000002,0.020472440944881893,,1.59
2020-11-01,43.879999999999995,5.39,1.4039370078740157,,4.89
2020-12-01,38.48,2.82,2.6476377952755907,,12.19
2021-01-01,37.22,1.885,5.906692913385827,,37.68
2021-02-01,39.2,3.28,4.731889763779527,9.025,49.03
2021-03-01,43.34,5.92,2.0543307086614173,15.608695652173912,47.98
2021-04-01,53.42,10.83,0.4429133858267717,16.604166666666668,97.42
2021-05-01,60.62,14.65,0.041732283464566935,5.815789473684211,66.9
2021-06-01,71.6,22.35,0.165748031496063,,16.1
2021-07-01,77.36,28.41,0.013385826771653545,,1.08
2021-08-01,73.75999999999999,23.835,0.0,,0.13
2021-09-01,67.64,19.02,0.7358267716535434,,0.0
