Date,T,V,P,S,F
10/1/1921,50.71150621,9.680717015,1.173616827,,81.2
11/1/1921,42.72780533,6.427310889,2.666763749,,100
12/1/1921,36.40726515,3.427977748,10.19445134,,194
1/1/1922,32,2.77546346,2.969249008,,192
2/1/1922,32,2.077533244,14.37079999,,422
3/1/1922,32.87472204,3.042296872,6.32267079,,433
4/1/1922,39.50027833,5.523453897,1.023999523,,933
5/1/1922,51.09602268,9.337639265,2.283110018,,1570
6/1/1922,59.10406455,13.15131397,0.613848018,,721
7/1/1922,66.314977,19.10771111,0.057708066,,210
8/1/1922,60.42086603,14.8597059,0.036136002,,119
9/1/1922,60.62759721,16.1836895,0.010646654,,89.4
10/1/1922,48.01999147,7.852379959,2.760983628,,95.2
11/1/1922,37.81828121,4.643403244,5.380320104,,129
12/1/1922,34.10267306,2.500387436,11.38803133,,347
1/1/1923,32,2.720709122,5.187255776,,309
2/1/1923,34.21913771,4.323634627,1.756847979,,206
3/1/1923,40.63273774,6.128804339,0.531419774,,362
4/1/1923,42.05625652,5.102830156,4.994205423,,651
5/1/1923,50.21767975,8.597625511,0.83068077,,482
6/1/1923,52.26749852,8.313235475,2.098952265,,230
7/1/1923,62.9495301,16.32523541,0.22821898,,125
8/1/1923,62.17710153,16.24346227,0.597749456,,84.7
9/1/1923,58.62848134,13.16605393,2.486614813,,75
10/1/1923,47.86109254,7.682929259,1.549906564,,83.6
11/1/1923,44.63427241,6.817043617,0.85971324,,78.7
12/1/1923,33.8608097,3.548053517,2.256472488,,91.7
1/1/1924,32,3.816713664,3.039527481,,107
2/1/1924,40.997199,5.250913169,5.193486434,,298
3/1/1924,36.19063792,4.108923509,2.496644159,,122
4/1/1924,46.37099585,8.07730368,0.839226929,,168
5/1/1924,56.39717701,12.97361242,0.05296264,,101
6/1/1924,58.57595162,14.11922678,0.142216946,,63.9
7/1/1924,64.1021689,18.21737715,0.000742684,,62.7
8/1/1924,61.62085441,17.13721727,0.163413968,,63.1
9/1/1924,58.34000761,15.19844251,0.34284833,,55.6
10/1/1924,45.24890758,6.484854593,5.221092003,,77.6
11/1/1924,40.06570531,5.039538317,3.662908646,,137
12/1/1924,32,2.932612992,5.973381794,,140
1/1/1925,33.29680455,2.993215707,2.36293339,,155
2/1/1925,37.16902684,3.309409467,11.89471398,,754
3/1/1925,40.55578248,5.622165505,3.416028926,,378
4/1/1925,44.65789752,5.921422922,3.934666576,,534
5/1/1925,50.54140223,7.709119615,2.022037766,,422
6/1/1925,57.89360099,12.11248005,1.462214127,,192
7/1/1925,65.83875548,17.64800588,0.226175359,,113
8/1/1925,60.87593707,14.88957761,0.859669216,,92.8
9/1/1925,51.60761327,9.471773773,2.293588663,,80.3
10/1/1925,46.98278941,8.117005942,1.793186557,,89.3
11/1/1925,38.67250371,4.436460692,3.730952487,,115
12/1/1925,37.59149368,4.238458209,2.534530681,,139
1/1/1926,33.34664733,3.636318926,6.008395661,,156
2/1/1926,36.43758999,3.226710522,10.63589169,,619
3/1/1926,45.12725509,7.616737576,0.403053206,,408
4/1/1926,48.8887888,7.118010373,7.789812877,,862
5/1/1926,50.97406656,8.951216208,2.004693231,,324
6/1/1926,62.75064038,17.34681214,0.014824021,,139
7/1/1926,65.82469651,19.16197952,0.122030493,,94.4
8/1/1926,62.23188712,17.97321766,0.150923703,,78.1
9/1/1926,53.99584912,12.73376589,0.047548132,,74
10/1/1926,50.29059152,9.360943427,2.429783742,,80.6
11/1/1926,43.55805002,5.027862106,15.13554981,,448
12/1/1926,32,2.592352895,2.006241939,,299
1/1/1927,32.66150203,2.66421755,6.59914076,,369
2/1/1927,33.80072284,1.956282225,13.91082959,,1270
3/1/1927,37.46052464,4.266636053,4.075297994,,782
4/1/1927,41.36214191,5.365389872,4.10577431,,931
5/1/1927,47.68873431,7.59501564,1.474184263,,750
6/1/1927,57.20391644,11.70741581,0.861699978,,382
7/1/1927,64.90114171,18.04780059,0.013131057,,164
8/1/1927,60.92062658,16.38426322,0.084502617,,108
9/1/1927,53.79923941,11.44268963,0.282332362,,86.1
10/1/1927,49.23143045,9.023596492,2.232362837,,83
11/1/1927,41.43448231,4.033160453,9.751275462,,291
12/1/1927,32,2.829610664,3.804964809,,187
1/1/1928,33.6516243,3.322875223,3.619749927,,229
2/1/1928,35.60589606,3.981681981,3.888790187,,365
3/1/1928,40.23453472,4.124388209,12.27274064,,1410
4/1/1928,41.63850133,5.435021145,2.901783063,,727
5/1/1928,56.4918618,12.03646396,0.371565169,,440
6/1/1928,57.2319307,12.80566531,0.399875561,,163
7/1/1928,66.0354981,19.34559956,0.001897559,,118
8/1/1928,64.7077053,19.97286156,0.000366604,,86.8
9/1/1928,58.1758137,15.40551947,0.160219481,,72.3
10/1/1928,48.2265211,8.713676224,0.628873434,,73.6
11/1/1928,38.58216304,4.387528958,5.027761931,,92.8
12/1/1928,32,2.816431777,4.656678474,,118
1/1/1929,32,2.973544562,2.691695396,,101
2/1/1929,32,3.555413318,3.879204099,,185
3/1/1929,37.94455683,4.709639852,2.863060083,,259
4/1/1929,38.41612855,4.660633234,3.351302532,,268
5/1/1929,51.39507542,10.15840037,0.130573516,,350
6/1/1929,55.81145907,10.40687703,3.236837988,,177
7/1/1929,64.44855778,18.21779788,0.000945014,,91.2
8/1/1929,65.10376677,19.65870489,0.003846139,,66.4
9/1/1929,56.06635935,14.07348233,0,,62.3
10/1/1929,51.03735039,10.87577293,0.358939437,,59.4
11/1/1929,44.25966612,8.99107032,0,,57.4
12/1/1929,38.72222787,4.201542507,16.77235994,,890
1/1/1930,32,2.205076702,8.055002412,,326
2/1/1930,37.82575546,4.190700993,4.812618291,,420
3/1/1930,40.00014493,5.204721167,4.148946607,,618
4/1/1930,44.64329163,6.256095318,3.539447966,,650
5/1/1930,45.71510733,6.222615926,2.737552331,,452
6/1/1930,59.65275034,14.46966244,0.002849531,,209
7/1/1930,65.17579763,18.36813116,0.007027399,,115
8/1/1930,62.91586391,17.33647729,0.056863738,,85
9/1/1930,54.63849646,10.98816826,1.914131499,,70.2
10/1/1930,48.78803894,8.77509754,0.495644018,,71.5
11/1/1930,40.19655339,5.889299511,3.526393669,,102
12/1/1930,32.19576557,3.811233576,1.14894091,,83.4
1/1/1931,32.71846511,3.147043911,5.462676382,,148
2/1/1931,36.27230525,3.404631454,3.154616896,,146
3/1/1931,40.89844755,5.711189075,3.585589617,,280
4/1/1931,47.19468752,7.739810008,1.441220028,,202
5/1/1931,56.09844793,11.54161906,2.241932373,,143
6/1/1931,57.06833975,11.0035855,1.246792725,,88.7
7/1/1931,70.87139034,23.07090598,0.006540836,,68.4
8/1/1931,67.10708409,21.16411796,0.028432625,,57.8
9/1/1931,55.80030526,12.76570874,0.416636393,,52.5
10/1/1931,49.4455564,8.998164691,3.444106221,,78.6
11/1/1931,36.42068769,3.957055642,4.348671956,,81.9
12/1/1931,32,1.961314242,11.50727399,,264
1/1/1932,32,2.217648236,5.089006238,,237
2/1/1932,32,3.027946126,2.764302873,,210
3/1/1932,40.1819261,5.029030084,2.286428299,,554
4/1/1932,41.39920537,5.37767942,3.74095632,,606
5/1/1932,50.25854741,8.116857832,3.497967531,,681
6/1/1932,60.32862366,14.1599851,0.571449659,,326
7/1/1932,63.98318641,17.30439994,0.050738656,,129
8/1/1932,64.20385341,18.64143391,0.008075208,,83.7
9/1/1932,63.6120373,18.85582459,0.016363146,,73.2
10/1/1932,50.2387662,9.980864355,0.320586937,,69.9
11/1/1932,45.56126967,6.934896906,1.643061523,,73.1
12/1/1932,32,2.348828744,4.193594385,,84.6
1/1/1933,32,2.172885315,8.791980628,,147
2/1/1933,32,2.897921449,1.477673517,,88.9
3/1/1933,37.54688389,4.136906705,5.309743872,,261
4/1/1933,43.9259036,7.086025895,1.020271266,,343
5/1/1933,44.43001239,5.861987351,3.330677864,,398
6/1/1933,57.92100734,12.56687727,0.047596577,,295
7/1/1933,68.24741855,21.03091138,0.066450106,,106
8/1/1933,66.39632886,20.40958484,0.04707832,,71.3
9/1/1933,56.75093766,13.88529906,0.395184049,,61.7
10/1/1933,56.89375927,13.2986287,3.907480261,,67.1
11/1/1933,43.72710725,7.308493262,0.33316856,,68
12/1/1933,34.36531507,2.774601882,10.25479154,,205
1/1/1934,37.87792069,4.267901553,3.197081133,,278
2/1/1934,38.99529723,3.841147888,6.346960245,,314
3/1/1934,48.32338584,8.500196895,2.347663881,,372
4/1/1934,50.02823077,9.526739495,1.350113024,,264
5/1/1934,54.18354745,10.09196649,1.622222918,,156
6/1/1934,57.20461022,10.99125155,1.691626826,,99.2
7/1/1934,65.11074127,18.25069228,0.001515658,,75
8/1/1934,68.2023974,21.30208439,0.186826788,,64.6
9/1/1934,61.50076673,16.3879504,0.955135249,,53.9
10/1/1934,50.86190032,8.924651875,2.296014908,,62.8
11/1/1934,40.51511377,3.970869992,8.173045452,,140
12/1/1934,35.04825576,3.017543497,4.623468347,,139
1/1/1935,32,2.280364792,9.110080585,,276
2/1/1935,35.13622115,3.273590296,3.429632163,,240
3/1/1935,32.84618833,3.510722282,7.351588354,,347
4/1/1935,42.15894116,4.874952586,9.302191703,,1380
5/1/1935,50.89870118,9.255772325,0.916817878,,962
6/1/1935,60.04525567,14.76873103,8.88E-05,,401
7/1/1935,62.45783153,15.93438104,0.029633064,,149
8/1/1935,67.25260952,20.16622482,0.223366231,,96.3
9/1/1935,61.76775092,17.37176771,0.162261252,,76.9
10/1/1935,47.7269868,8.050272455,2.253905827,,79.7
11/1/1935,36.74731338,4.386704296,1.690673902,,78.4
12/1/1935,34.43303295,3.549767849,4.806225962,,102
1/1/1936,34.70280587,3.078725643,12.18860486,,663
2/1/1936,33.50732159,2.780867054,14.14167299,,944
3/1/1936,41.05154552,6.084012699,2.56313906,,601
4/1/1936,46.53469321,7.360415803,3.327805702,,719
5/1/1936,52.57665826,9.448192906,1.491089025,,521
6/1/1936,57.85558986,11.41568144,2.195022265,,278
7/1/1936,66.61415651,18.72064626,0.052443092,,130
8/1/1936,65.90216592,19.35598194,0.088631108,,93.3
9/1/1936,60.0099324,15.43744719,0.668299305,,81
10/1/1936,52.22633088,10.87699806,0.170055991,,69.5
11/1/1936,43.93347571,8.365750487,0.09373977,,69.1
12/1/1936,33.67183576,3.186827408,4.430096347,,77.5
1/1/1937,32,1.505620416,6.382231024,,92.3
2/1/1937,32,2.404232246,11.0923491,,252
3/1/1937,36.6947764,3.561897156,8.442506981,,505
4/1/1937,40.76017408,5.132966661,3.199368397,,705
5/1/1937,53.83991228,11.35711198,0.470168406,,784
6/1/1937,57.80205573,11.54042066,2.281255421,,319
7/1/1937,65.90902901,18.8619752,0.275792445,,132
8/1/1937,64.42381611,18.99588042,0,,89.2
9/1/1937,60.60498723,16.08527272,0.000956451,,71.5
10/1/1937,49.72455398,9.149213935,3.446259923,,76.9
11/1/1937,40.48603979,4.381792589,11.96953104,,337
12/1/1937,37.31165301,3.920608117,11.00379425,,1130
1/1/1938,35.30583109,3.425151754,5.162430438,,346
2/1/1938,32,1.951414762,18.93977938,,748
3/1/1938,33.39773136,2.26928138,12.17581441,,1370
4/1/1938,42.72195531,5.226244108,3.025601382,,1500
5/1/1938,51.57717511,9.201617916,0.849356373,39.22727273,1700
6/1/1938,60.27659983,13.94231668,0.427384629,,828
7/1/1938,66.58839251,18.25122937,0.445213651,,293
8/1/1938,64.80376631,18.74049948,0.001141418,,158
9/1/1938,61.17277398,15.54092803,0.644029646,,117
10/1/1938,47.87630855,7.343237161,2.915819721,,114
11/1/1938,37.7051026,4.87131886,2.135897256,,122
12/1/1938,36.71186275,3.692809281,2.088858336,,141
1/1/1939,34.35251455,3.488946331,4.392903613,,144
2/1/1939,32,2.980729878,2.597909285,,130
3/1/1939,40.1339953,4.762739509,4.769842162,,328
4/1/1939,49.50262063,9.127618176,0.400190817,17.95333333,364
5/1/1939,52.6926801,9.738813002,2.768451705,,194
6/1/1939,57.54498349,12.83761207,0.252674961,,109
7/1/1939,66.98551574,19.40067397,0.298385023,,81.5
8/1/1939,67.43504358,20.95324756,0.057773796,,67
9/1/1939,60.5240571,14.38738435,0.750609249,,62.5
10/1/1939,49.24189025,8.881661896,2.364587731,,69
11/1/1939,43.33235418,7.224897496,0.523020641,,65.7
12/1/1939,38.60662347,4.055829404,4.717030088,,123
1/1/1940,35.15077004,2.892714122,15.11115036,,675
2/1/1940,35.82034293,2.480233547,17.21297898,,1220
3/1/1940,41.06000062,5.011213702,11.29293947,,1500
4/1/1940,45.50193113,6.19830973,1.339094852,24.3625,977
5/1/1940,54.52394712,10.4336788,1.539946228,,498
6/1/1940,63.80342514,17.14166593,0.279933513,,226
7/1/1940,64.124798,16.9867632,0.019971688,,132
8/1/1940,66.66958642,20.52899119,0.034634366,,101
9/1/1940,55.35711048,11.04275063,1.104565299,,88.1
10/1/1940,50.37711198,8.312446178,3.03686824,,101
11/1/1940,38.67582378,4.229581791,4.196779799,,152
12/1/1940,36.75276001,3.419121979,15.03268786,,660
1/1/1941,34.18339625,2.389517129,10.69708439,,686
2/1/1941,37.2287659,2.845826016,10.90236568,,1100
3/1/1941,41.08325042,5.094415571,5.171653834,,949
4/1/1941,41.77332196,4.889667542,5.75228129,43.5875,839
5/1/1941,51.17492567,7.794281564,3.635935918,68.54,1060
6/1/1941,55.76078311,10.12766043,1.05460732,,451
7/1/1941,67.18190405,18.63552446,0.527669881,,219
8/1/1941,61.53467534,13.75202671,0.162261212,,145
9/1/1941,55.68579469,12.33666914,0.378390174,,120
10/1/1941,47.65639437,7.81446208,1.451577595,,106
11/1/1941,42.57842609,5.135779092,3.926983354,,139
12/1/1941,33.52871082,2.147466068,17.08934378,,817
1/1/1942,32.60927563,2.92716562,9.510843943,,892
2/1/1942,32,2.563758557,10.10735069,,1060
3/1/1942,37.4583893,4.757722192,2.345032485,,483
4/1/1942,41.99813581,4.868778852,7.860564074,33.91875,1070
5/1/1942,46.13662591,5.992396061,5.289294753,53.91666667,923
6/1/1942,57.20620494,11.75003978,0.085208814,,637
7/1/1942,67.01188084,19.14935842,0,,253
8/1/1942,65.00182949,18.86163109,0.003459178,,152
9/1/1942,59.4173474,14.97774134,0.041586797,,120
10/1/1942,52.36673214,10.56568829,0.383165344,,108
11/1/1942,39.87958036,4.603109391,8.157821228,,214
12/1/1942,35.28856495,2.776690862,7.065630512,,405
1/1/1943,33.81767523,3.123220925,14.48271631,,986
2/1/1943,36.69118591,3.546287928,3.732698818,,585
3/1/1943,39.00559943,4.101290995,7.724364325,,1180
4/1/1943,46.05902535,5.969567143,3.399499465,33.18,892
5/1/1943,51.69538145,9.396661027,0.789135357,,529
6/1/1943,52.51928921,8.904487533,2.57415608,,321
7/1/1943,64.92552371,18.10299667,0.449091621,,172
8/1/1943,61.56814033,15.94546934,0,,124
9/1/1943,63.44130743,17.67613965,0.006224954,,104
10/1/1943,48.61062973,7.851749696,1.561498438,,93.3
11/1/1943,41.99161811,5.630553725,2.060680442,,108
12/1/1943,34.59221166,3.203506306,2.877814713,,118
1/1/1944,32.44002971,2.745494587,5.563235839,,159
2/1/1944,32.82110986,2.525337952,8.891397563,,247
3/1/1944,37.97256569,4.49286297,4.694747097,,400
4/1/1944,39.5628883,4.076155997,3.504706136,29.00625,478
5/1/1944,50.58913605,7.973725945,1.32882117,,608
6/1/1944,53.58676578,8.571184652,1.625142758,,274
7/1/1944,64.1910991,16.49055099,0.61462608,,211
8/1/1944,64.2488276,18.57743088,0.009474801,,97.5
9/1/1944,62.55303706,17.84535921,0.18266565,,78.3
10/1/1944,52.92134641,9.795710945,2.457066459,,81.8
11/1/1944,36.24094431,2.57376787,9.340149151,,217
12/1/1944,36.40313743,3.139756898,6.025887139,,295
1/1/1945,33.93659777,3.194041854,1.468232019,,214
2/1/1945,36.16040694,3.141413593,10.95837252,,780
3/1/1945,34.20235596,3.388659037,5.510107493,,392
4/1/1945,44.01634775,6.764947613,1.160131322,29.49375,527
5/1/1945,49.04311819,6.576946819,4.015959792,,617
6/1/1945,58.23724825,11.77616257,1.442535728,,276
7/1/1945,69.05815881,20.060553,0.234735057,,143
8/1/1945,65.42607236,18.49090378,0.037191984,,107
9/1/1945,62.15097274,16.83995302,0.187332299,,85.8
10/1/1945,52.69064982,8.902592794,5.503786489,,121
11/1/1945,37.23688216,2.837430828,7.507656178,,222
12/1/1945,32.88417109,2.063577833,14.35210738,,851
1/1/1946,32.67509751,3.179794498,2.43961983,,483
2/1/1946,32,2.875686089,4.109081301,,250
3/1/1946,37.73813725,4.052622629,4.334187961,,460
4/1/1946,46.27305814,7.479349101,0.377113779,34.6125,673
5/1/1946,52.5330393,9.631185816,1.001835396,,569
6/1/1946,56.14447578,11.73373138,8.80E-05,,228
7/1/1946,66.38775203,17.88530482,0.708095071,,135
8/1/1946,66.68935295,20.31080528,0,,106
9/1/1946,58.98266142,14.84938469,0.37331146,,86.8
10/1/1946,45.4876125,7.024911784,1.165940701,,81.4
11/1/1946,37.83711502,3.879813942,7.744691327,,204
12/1/1946,36.25048398,2.996299168,4.596987523,,214
1/1/1947,32.32979442,3.747355928,1.30033364,,117
2/1/1947,39.74519825,4.560498369,5.29512049,,359
3/1/1947,42.04188394,5.077363613,8.021120748,,515
4/1/1947,46.85653602,7.250465637,1.70799215,17.17333333,419
5/1/1947,56.1298148,12.00811683,0.632034248,,212
6/1/1947,56.50432451,10.45432709,2.663734482,,165
7/1/1947,62.42244918,16.05083649,0.000316514,,93.2
8/1/1947,61.70154501,16.18534644,0.172903735,,81.2
9/1/1947,60.90543811,17.0624239,0.121001963,,71.2
10/1/1947,48.78609204,7.045664761,6.739829244,,140
11/1/1947,37.12075265,3.953049782,1.715346845,,122
12/1/1947,33.90050004,3.00832665,1.379279535,,96.9
1/1/1948,37.90246453,4.655932217,6.422538568,,404
2/1/1948,32,3.028845769,2.614392706,,140
3/1/1948,33.53732936,3.109532422,8.294907347,,272
4/1/1948,38.35139588,3.387197899,11.74669415,21.94117647,934
5/1/1948,46.64659585,6.305182919,3.366144236,50.9,838
6/1/1948,57.67673486,10.52359811,1.447080254,,533
7/1/1948,63.52245432,16.6664279,0.016141657,,181
8/1/1948,62.4258176,16.46099607,0.03556013,,107
9/1/1948,58.90457163,15.67738848,0.351307661,,85.8
10/1/1948,50.84640487,9.203391569,0.924145228,,80.3
11/1/1948,39.223461,4.755954741,3.823576226,,112
12/1/1948,32,1.700186031,5.767604523,,137
1/1/1949,32,2.225163379,1.864156622,,101
2/1/1949,32,2.141738695,5.507725135,,146
3/1/1949,35.27841113,2.542278259,8.138407592,,453
4/1/1949,47.61376051,8.17457617,0.398475406,33.93529412,638
5/1/1949,51.08281264,7.705555288,2.266230528,35.66,504
6/1/1949,60.53128134,14.25189013,0.141397837,,179
7/1/1949,65.68713809,18.43135037,0.007250251,,99.5
8/1/1949,62.18341532,15.19355414,0.408884053,,80.3
9/1/1949,60.83808272,15.6814124,0.2018991,,65.1
10/1/1949,49.35498713,9.504941676,0.244779634,,59.6
11/1/1949,46.41720183,7.878092139,3.245362975,,80.6
12/1/1949,32.20754817,3.307176589,2.722871284,,77.4
1/1/1950,32,1.765209819,12.85083526,,333
2/1/1950,35.70023819,3.478461203,7.239712473,,568
3/1/1950,36.61054111,3.805881434,6.434567649,,557
4/1/1950,45.46719921,7.373432075,3.663536027,34.21111111,834
5/1/1950,51.73703301,10.1933533,2.405149356,47.75714286,698
6/1/1950,57.69490244,12.36545858,0.728977904,,318
7/1/1950,68.3873705,19.68264729,0.025619348,,138
8/1/1950,66.98883153,20.2672216,0.243242613,,98.1
9/1/1950,59.29344674,13.59153367,0.718245975,,79.4
10/1/1950,50.66587179,8.237025631,7.713054748,,178
11/1/1950,44.3715705,4.70835901,11.42747001,,767
12/1/1950,39.91068604,3.061117678,9.70969064,,1090
1/1/1951,32,2.344315056,8.96689884,,668
2/1/1951,34.43597523,2.884370957,6.277695554,,768
3/1/1951,37.15820508,5.077296943,2.846577927,,522
4/1/1951,47.7237029,7.226642763,2.314453309,26.5,601
5/1/1951,51.67180436,8.429669997,2.498984463,43.76,546
6/1/1951,61.59951997,14.28115294,0.075350869,,230
7/1/1951,66.70940434,19.45666043,0,,134
8/1/1951,65.26609475,18.69922889,0.379358682,,101
9/1/1951,63.3258906,17.69718801,0.111204337,,86
10/1/1951,48.14062191,7.585247848,4.595481826,,108
11/1/1951,39.66413956,4.203707102,7.628850273,,191
12/1/1951,32,2.0540632,14.80263643,,644
1/1/1952,32,1.49250091,14.73186347,,532
2/1/1952,32.14663301,2.53511985,8.529463548,,830
3/1/1952,32,2.58673314,7.783824517,,677
4/1/1952,44.78617093,6.165854651,1.469661334,63.08,1830
5/1/1952,52.97318716,9.781865005,1.752385984,76.1,1690
6/1/1952,55.26335413,9.953294566,1.683125372,,820
7/1/1952,69.14736762,18.47839857,0.857825094,,336
8/1/1952,65.32640484,17.94459132,0.063937089,,176
9/1/1952,61.75757026,14.94862871,0.494057713,,128
10/1/1952,56.16469543,12.39986998,0.357988446,,107
11/1/1952,37.80523571,4.904205864,2.954122004,,110
12/1/1952,32,1.837065702,13.3161725,,275.5
1/1/1953,37.01857723,2.85145722,12.95427046,,1260
2/1/1953,36.69473122,4.594995072,0.438821486,,352
3/1/1953,37.65973573,4.356098272,5.652753124,,443
4/1/1953,42.2972834,5.659818652,5.412674012,31.385,738
5/1/1953,44.13471899,5.423703725,3.883842,53.56,793
6/1/1953,53.2348349,8.844498131,1.281368018,,620
7/1/1953,67.41193272,19.7093685,0.057185168,,254
8/1/1953,62.34164735,15.39671285,0.489302249,,143
9/1/1953,64.42592745,17.07128643,0.016556771,,120
10/1/1953,49.97923527,8.982569734,2.042279037,,108
11/1/1953,41.76417976,3.997407017,5.757730246,,194
12/1/1953,36.82397182,4.060702111,1.905598813,,168
1/1/1954,32.9536917,2.484448429,10.40050527,,321
2/1/1954,39.71305893,5.089012683,7.877554355,,504
3/1/1954,35.41874035,3.655384351,7.174913931,28.60526316,766
4/1/1954,47.80283065,7.318487637,5.227582101,32.365,1020
5/1/1954,55.36925711,11.53810041,0.088814236,38.45714286,559
6/1/1954,56.35999856,11.24694502,1.894969815,,241
7/1/1954,66.89964134,18.78921442,0.000168465,,145
8/1/1954,61.37013194,15.78474503,0.296337706,,108
9/1/1954,57.77512781,14.28299964,0.311100877,,96
10/1/1954,50.05825565,9.669208947,0.345916323,,89
11/1/1954,42.9967705,5.580955634,5.255090383,,148
12/1/1954,32.32573761,2.641390582,7.327196971,,220
1/1/1955,32,2.174502386,5.207402005,,187
2/1/1955,32,3.456563267,3.246066535,17.22941176,159
3/1/1955,36.58397297,4.841384402,1.762896878,19.88235294,277
4/1/1955,37.67119312,4.197469289,5.374906608,18.99,347
5/1/1955,50.95492259,9.264011573,0.860765427,39.41428571,537
6/1/1955,58.51101564,12.33401098,0.368105835,,231
7/1/1955,62.76658536,15.31404037,0.156880742,,115
8/1/1955,67.01127992,21.46094795,0,,84.9
9/1/1955,60.47039296,16.76358695,0.967740237,,77.1
10/1/1955,52.57101641,10.32628301,1.188686928,,74.1
11/1/1955,38.81427398,4.340477705,5.006580967,,111
12/1/1955,34.25637533,1.805818338,25.4742695,,1960
1/1/1956,32.88113514,1.621647448,14.94394724,,1370
2/1/1956,32,2.874675292,10.26814004,30.42352941,748
3/1/1956,37.6632328,4.939281259,0.729201588,,717
4/1/1956,43.13356912,5.357415083,2.448095409,46.44,898
5/1/1956,50.98962904,7.32773372,3.510509152,58.47142857,1060
6/1/1956,59.05704003,13.07945989,0.366246548,,513
7/1/1956,66.83157204,17.58387461,0.313675798,,261
8/1/1956,63.40657129,16.62442397,0.036510281,,142
9/1/1956,60.39465437,14.58086617,1.118695654,,120
10/1/1956,47.23362792,6.495674033,5.383010449,,142
11/1/1956,41.61183711,6.278149984,0.265894449,,136
12/1/1956,35.64365757,4.385851425,1.17407662,,124
1/1/1957,32,2.258352924,6.014990314,,155
2/1/1957,36.73327305,2.743513026,10.03554555,11.84705882,649
3/1/1957,38.44747952,3.36664198,5.649163063,16.875,708
4/1/1957,44.04177498,5.754465016,3.200815281,17.9,447
5/1/1957,49.32224475,5.972786565,6.922347877,26.45,635
6/1/1957,61.52705863,14.26998468,0.179255197,,290
7/1/1957,64.94373948,16.76890522,0.002970714,,136
8/1/1957,62.21570349,16.67012519,0,,104
9/1/1957,61.08527537,14.79789695,2.481035459,,97.8
10/1/1957,46.19768339,4.754532606,4.337335327,,153.8
11/1/1957,38.22804935,3.933733395,3.015604785,,176.2
12/1/1957,36.16974705,3.249245776,7.806641757,,341.3
1/1/1958,34.35253841,2.794397578,8.419492024,,391.9
2/1/1958,37.25186024,2.114643819,15.30656583,20.08823529,1434.8
3/1/1958,33.03363594,2.377369909,9.950173538,29.88823529,851.7
4/1/1958,41.93617289,5.012162876,5.802902512,47.75,1145.9
5/1/1958,53.91817409,9.519522624,1.39869378,74.42857143,1275.3
6/1/1958,57.17987404,9.165961853,2.754100951,,663.4
7/1/1958,65.74245815,15.68457206,1.340762894,,265.1
8/1/1958,69.45185294,18.69224371,0.471767677,,159.7
9/1/1958,61.3402708,15.74303887,0.537765997,,111
10/1/1958,55.01251569,12.00464423,0.804209361,,104.7
11/1/1958,41.99515542,5.009505484,1.888832358,,118.6
12/1/1958,40.66903918,4.766626414,2.846647088,,131.3
1/1/1959,36.12029173,3.101495484,10.17159219,,417.6
2/1/1959,33.14871077,2.5390619,9.977440476,10.00588235,459.4
3/1/1959,41.77458832,6.085402823,2.105927923,22.66470588,427.4
4/1/1959,49.2008473,9.179265542,1.080228782,21.37,435.8
5/1/1959,48.15237405,7.276551776,1.62654341,21.08571429,301
6/1/1959,61.32893122,14.50886196,0.072108697,,159
7/1/1959,69.42060007,21.28688746,0.044474498,,118.1
8/1/1959,64.70148505,18.52295839,0.284946438,,89.9
9/1/1959,57.16047649,12.49498682,3.167215168,,88.4
10/1/1959,53.68939071,11.13976194,0.073144353,,79.73
11/1/1959,44.33066011,8.164547812,3.88E-05,,72.06
12/1/1959,35.599583,4.617512081,2.60523725,,103.89
1/1/1960,32,1.817959209,8.995679979,,153.01
2/1/1960,33.52314165,2.924993969,10.96727902,14.55294118,687.86
3/1/1960,41.16941419,4.975050015,8.141977961,20.32352941,757.81
4/1/1960,43.68039146,5.885017743,2.359174694,20.875,501.65
5/1/1960,48.34898621,7.83668937,2.372101942,28.27142857,379.69
6/1/1960,63.95890995,17.00149324,0.001686006,,218.53
7/1/1960,69.66345883,21.13793789,0.201120764,,113.54
8/1/1960,65.06512415,19.90051403,0.011798015,,80.63
9/1/1960,61.65422621,17.01120971,0.293953969,,74.2
10/1/1960,49.82771451,9.095448741,0.934585574,,71.78
11/1/1960,37.87984725,3.10352075,8.98805891,,147.12
12/1/1960,34.42819576,3.386548845,3.634801589,,199.89
1/1/1961,36.93634092,4.688655181,3.077045876,,159.95
2/1/1961,37.11782087,3.118976198,5.817577322,12.1,395.83
3/1/1961,36.67416604,3.279809601,6.609570719,14.8,361.26
4/1/1961,44.42305889,6.870213943,2.428841442,22.405,388.16
5/1/1961,47.29750574,6.523427508,2.484962004,30.32857143,403.01
6/1/1961,63.47220925,15.78525198,0.817597907,,231.73
7/1/1961,67.34611075,19.51092745,0.060908155,,112.72
8/1/1961,66.11188722,16.24822338,0.641084878,,94.18
9/1/1961,56.97870383,13.82333445,0.339873766,,71.52
10/1/1961,48.82293344,8.688914917,1.169934074,,69.69
11/1/1961,39.06007147,4.947926461,4.122274059,,94.61
12/1/1961,32.84705502,2.636351482,5.556087723,,169.06
1/1/1962,32.68117534,4.037429002,3.849259195,,132.73
2/1/1962,32,1.828844471,16.94760613,14.71875,696.39
3/1/1962,32.52781124,2.93729432,5.870038304,37.64375,424.78
4/1/1962,47.51954726,8.438556437,1.218742277,42.87894737,867.76
5/1/1962,47.07392351,6.241752041,1.373164155,44.85714286,579.22
6/1/1962,58.08193334,13.34047997,0.460173193,,317.69
7/1/1962,64.98865086,17.76033922,0.187332406,,139.08
8/1/1962,63.93372255,17.65411841,0.312791733,,91.84
9/1/1962,61.70392451,16.77043272,0.311511388,,75.89
10/1/1962,50.71809325,7.952362179,16.07510842,,855.3
11/1/1962,42.71406142,4.92716928,2.881243166,,185.61
12/1/1962,38.40478525,3.790171564,5.471250882,,486.77
1/1/1963,33.2845522,4.345925597,4.910590798,,389.2
2/1/1963,43.12547835,4.0830959,6.416610849,1.510526316,1081.93
3/1/1963,36.16833282,3.987956909,6.884991192,3.57,407.9
4/1/1963,36.38169429,3.046389262,10.24154686,10.41,1266.99
5/1/1963,51.84262921,7.431062355,2.408328816,25.80769231,903.42
6/1/1963,56.14013879,9.455420067,1.222483666,,316.53
7/1/1963,62.13963377,16.15861855,0.008875238,,163.81
8/1/1963,63.52332849,17.57639102,0.080535643,,104.47
9/1/1963,61.71998593,13.98410623,1.012661303,,104.43
10/1/1963,51.53838994,8.191738692,2.986505023,,112.13
11/1/1963,39.08187983,3.288350714,9.480085568,,310.54
12/1/1963,36.63508317,3.450327948,0.904946699,,155.8
1/1/1964,32.03319162,2.540789371,8.047505689,,265.9
2/1/1964,34.84089932,4.680113039,0.51431148,15.855,192.33
3/1/1964,35.56225285,4.232068397,3.31084723,16.39,240.63
4/1/1964,42.66069659,6.249495765,1.197629584,19.89545455,416.33
5/1/1964,47.56878082,7.433706098,2.532845018,13.63636364,403.67
6/1/1964,55.38673338,9.938282748,1.990889141,,224.93
7/1/1964,65.66768634,17.53956697,0.072280017,,124.1
8/1/1964,65.61899038,18.86670355,0.012747592,,82.5
9/1/1964,57.78839072,14.27144301,0.470842407,,59.17
10/1/1964,54.69875343,11.76273749,1.000404932,,68.9
11/1/1964,35.60158861,2.906517788,7.902951203,,152.4
12/1/1964,34.76432558,1.997223138,21.27292287,,1997.2
1/1/1965,33.22201345,2.038176285,11.67926396,,1199.1
2/1/1965,36.11984329,4.361168665,1.583040823,30.40588235,509.6
3/1/1965,38.69353833,4.880006196,2.936182197,31.86875,504.2
4/1/1965,43.14641869,4.427771471,6.055711242,25.55,1004.5
5/1/1965,49.14683156,8.549303387,0.472931904,29.07222222,728.4
6/1/1965,56.74203365,10.92575961,0.896125445,,357.9
7/1/1965,64.89457286,17.73836237,0.272527543,,173.4
8/1/1965,63.05774503,14.63492768,2.333085108,,145.7
9/1/1965,55.0389681,12.47455195,0.366718284,,70.42
10/1/1965,54.22842788,12.46305415,0.213962456,,93.1
11/1/1965,39.6163633,3.469335828,9.697824486,,224.1
12/1/1965,32,2.564807534,5.113975589,,163.5
1/1/1966,32,2.634540965,5.807183397,,265.8
2/1/1966,32,3.040853627,3.577455233,20.43529412,198.9
3/1/1966,38.91938223,4.908147558,2.440574442,27.01764706,435.9
4/1/1966,48.25570627,9.17544625,2.265334856,25.124,661.8
5/1/1966,55.79956643,12.01519167,0.503950331,15.53125,401.4
6/1/1966,58.02752593,13.19259175,0.16383321,,151.3
7/1/1966,63.17359487,17.6195882,0.061571275,,106.3
8/1/1966,67.41526076,20.97348101,0.073044003,,85.6
9/1/1966,60.43803504,14.96261939,0.171497148,,68
10/1/1966,52.16148822,11.37015896,0.000295708,,61.1
11/1/1966,41.16048624,4.235042993,11.80056659,,273.2
12/1/1966,33.92932455,2.372592371,8.373454474,,481.2
1/1/1967,34.09867166,2.809916014,15.1038595,,748.5
2/1/1967,37.59710388,4.594691984,1.3502092,26.94705882,559.4
3/1/1967,35.52262272,3.43007453,9.354734997,27.77058824,879.9
4/1/1967,32.5827752,2.404879615,7.238033388,29.1173913,609.4
5/1/1967,50.31328702,8.680901532,1.565273507,37.44375,1264.8
6/1/1967,56.33010172,9.374189106,2.624275141,,890.7
7/1/1967,67.31913735,18.74352772,0.13143287,,279.2
8/1/1967,69.50751817,21.00556632,0.193990313,,134.7
9/1/1967,62.59419759,15.39114118,0.34874371,,100.9
10/1/1967,51.35574446,10.39308315,1.910678906,,116.1
11/1/1967,44.13017024,5.53395047,3.726132979,,120.8
12/1/1967,32,2.575733074,5.488038917,,166.8
1/1/1968,32,2.917707975,10.16967609,,319.9
2/1/1968,38.66414895,2.951283365,6.403971821,19.74705882,796.9
3/1/1968,39.67991558,4.777540007,4.699894249,20.53529412,583.2
4/1/1968,44.43517335,7.447293106,0.438664512,24.14,465.6
5/1/1968,49.7511075,8.567751994,1.351787288,13.73333333,378.6
6/1/1968,60.57067491,14.74314055,0.520102941,,186.5
7/1/1968,67.41477671,19.32233021,0.010820498,,130.4
8/1/1968,60.86233953,13.59465099,1.732736895,,114.5
9/1/1968,60.27640192,15.75859806,0.111832016,,79.2
10/1/1968,49.70186873,8.899995676,3.404515692,,114.3
11/1/1968,39.6650842,3.485147309,5.46147576,,160.5
12/1/1968,32,2.105922537,10.77669911,,307.9
1/1/1969,32,2.237424397,20.71630638,,1635.2
2/1/1969,32,1.634879054,11.59949042,31.28823529,732.5
3/1/1969,35.03615985,3.84832985,2.169809972,39.63333333,600.2
4/1/1969,42.30201765,5.540044208,3.463136959,50.396,1196.1
5/1/1969,54.84388114,10.57502687,0.211901382,43.39444444,1340.7
6/1/1969,57.8931582,9.731292271,1.559597789,,559.6
7/1/1969,66.5963916,18.23545742,0.094997664,,207.8
8/1/1969,66.22540506,21.64287304,0,,115.8
9/1/1969,61.79736243,15.92476562,0.0117733,,98.3
10/1/1969,46.13145617,7.27952385,2.906202398,,115.5
11/1/1969,42.56298079,6.077829538,2.484592847,,130.2
12/1/1969,36.18433642,3.140332758,13.71159975,,823.8
1/1/1970,34.89858213,2.54653084,21.53860322,,2470.5
2/1/1970,38.81776126,4.308846999,3.647273124,19.82352941,654.1
3/1/1970,39.61812487,5.163580298,4.058175354,23.97058824,677.9
4/1/1970,39.37093228,5.592080343,1.355964216,21.052,361
5/1/1970,52.66638708,10.25104382,0.616150823,20.92222222,422.8
6/1/1970,59.59457397,12.48812958,1.637635859,,260.8
7/1/1970,67.64979738,19.22442225,0.02147517,,150.6
8/1/1970,66.41389867,20.35678797,0.016762849,,104.6
9/1/1970,58.46678183,15.58313337,0.038996033,,97.3
10/1/1970,48.92116956,9.309944119,2.542894812,,99.3
11/1/1970,40.89011616,3.455346724,11.80348748,,347.8
12/1/1970,32,1.575193115,12.36180656,,551.4
1/1/1971,32.65854593,2.740896709,4.903937161,,490.5
2/1/1971,34.54804033,3.619041442,0.617627238,31.62777778,375.2
3/1/1971,35.79544149,3.602673558,9.057659808,27.675,1009.4
4/1/1971,41.33897556,5.218550288,2.414915773,35.8625,885.1
5/1/1971,47.44608596,5.77750878,2.870763549,35.76111111,1040.6
6/1/1971,56.06234758,10.36434699,1.957027941,,693.8
7/1/1971,67.12117105,18.01692327,0.275830734,,241.5
8/1/1971,68.11412708,20.25091863,0.162028393,,112.8
9/1/1971,57.63569524,14.70344961,1.167356957,,111
10/1/1971,46.52042633,7.804148497,0.64981817,,115
11/1/1971,38.72433705,4.180182461,3.713101534,,140.2
12/1/1971,32,1.796309686,8.378514464,,217.3
1/1/1972,32,2.726916873,3.691757426,,263.9
2/1/1972,36.14411577,3.141491936,5.178088557,17.71304348,347.8
3/1/1972,43.67433882,5.728093729,2.384676068,25.115,708.2
4/1/1972,41.89522384,5.840799133,4.124272287,15.60769231,527.3
5/1/1972,52.35993361,9.767648024,1.403322512,14.37,426.6
6/1/1972,60.53744146,13.73486242,0.589640757,,204.7
7/1/1972,67.08767092,20.098424,0.001220751,,112.4
8/1/1972,65.67385602,18.81644788,0.173537668,,80.9
9/1/1972,55.91161336,12.22888996,1.816942449,,88.6
10/1/1972,47.85016939,6.375077445,3.794618523,,123.2
11/1/1972,36.9075899,2.834369635,7.051148187,,210.4
12/1/1972,32,2.393194974,5.559629552,,339.1
1/1/1973,32,2.33585583,13.32451278,,745.2
2/1/1973,35.09832033,2.557129025,9.538525931,20.07391304,596.9
3/1/1973,34.48820096,3.168356963,4.008329307,31.26190476,628.5
4/1/1973,44.08258369,6.874723423,0.685992291,32.41153846,686.6
5/1/1973,55.48746663,10.82348564,0.919433566,25.245,782.7
6/1/1973,61.24525112,14.30698504,0.273780498,,285.8
7/1/1973,67.26459201,18.66935765,0.281037812,,138.2
8/1/1973,64.66745446,17.97365972,0.365443259,,107
9/1/1973,58.41161887,13.81314768,1.341901264,,97
10/1/1973,48.64904384,8.525250844,3.898706216,,139.44
11/1/1973,35.77387484,2.293671977,16.5081535,,1041.44
12/1/1973,35.17588004,2.708616337,9.308825505,,713.43
1/1/1974,32,2.753468189,9.955169092,,1488.82
2/1/1974,33.93933495,3.743637914,4.158849299,19.16086957,444.15
3/1/1974,38.00719037,3.394269353,14.29010835,24.32857143,1559.47
4/1/1974,41.31470293,5.292861894,3.118671556,32.45769231,1131.33
5/1/1974,51.58555295,9.847072259,0.348275396,33.9,882.01
6/1/1974,61.46411187,14.8715167,0.303968272,,504.34
7/1/1974,64.41812784,16.44104051,2.017349165,,242.9
8/1/1974,65.10622416,18.52870451,0.310608062,,126.54
9/1/1974,63.43196343,19.49509621,0,,89
10/1/1974,51.51925026,10.18755074,1.717612963,,113.62
11/1/1974,40.71902984,4.294114001,2.507344373,,123.09
12/1/1974,33.56473569,2.910999897,4.336828501,,154.73
1/1/1975,33.61617744,3.502314777,2.762126269,,182.11
2/1/1975,33.12177212,2.547168902,13.95733484,9.919047619,536.04
3/1/1975,34.63569045,2.994694443,10.48521902,26.33181818,864.15
4/1/1975,35.22704602,3.684587066,3.963772938,38.22,610.52
5/1/1975,51.18698727,9.693099869,0.646887993,37.82916667,1158.58
6/1/1975,58.58860771,13.34250473,0.64243786,,662.17
7/1/1975,65.02144084,16.57319802,0.240045067,,202.25
8/1/1975,61.76031156,15.84128389,1.433612474,,127
9/1/1975,62.88405709,16.58558736,0.426412761,,119.88
10/1/1975,46.53061714,7.011639341,5.544897853,,151.04
11/1/1975,38.09967472,4.628355118,2.281868197,,180.39
12/1/1975,37.5981578,3.895478702,1.881024495,,145.41
1/1/1976,35.90194807,4.39162957,0.755532117,,129.67
2/1/1976,35.89569266,3.862877294,4.522943313,3.928571429,181.47
3/1/1976,37.12428283,4.972368523,2.377203937,7.373684211,264.93
4/1/1976,40.88991136,5.414309538,2.119808533,9.684,222.22
5/1/1976,53.94748982,11.38011961,0.055343096,6.177272727,183.8
6/1/1976,56.40383051,13.05846741,0.319160184,,112.98
7/1/1976,66.26788017,18.06551963,0.294219307,,97.8
8/1/1976,59.1242794,12.0596908,2.281409097,,111.23
9/1/1976,59.2057527,13.03112483,1.371345666,,68.52
10/1/1976,51.48768085,9.935542143,0.303719817,,63.52
11/1/1976,45.69461099,7.501821497,1.272548213,,71.48
12/1/1976,36.89733519,5.579763925,0.305530973,,68.18
1/1/1977,32.55317933,3.485687673,2.971358539,,90.13
2/1/1977,39.71871721,5.535819818,2.775611422,3.861904762,93.89
3/1/1977,34.96981156,4.423051174,2.383500053,5.328571429,91.64
4/1/1977,47.9159139,9.114586564,0.562516562,6.452,99.94
5/1/1977,43.61943135,5.130854393,3.346268423,0.627272727,125.47
6/1/1977,63.70205142,14.82513574,0.587376162,,92.34
7/1/1977,65.90505749,19.15872133,0.094758833,,74.1
8/1/1977,66.96736515,19.91232563,0.239080948,,62
9/1/1977,57.75613029,13.55125773,2.552347729,,61.77
10/1/1977,51.74988138,10.22536344,0.504130515,,57.22
11/1/1977,41.13436455,5.287910436,3.819395134,,82.73
12/1/1977,37.15140784,3.211728087,9.801241446,,320.4
1/1/1978,35.26859472,2.305507548,17.43078036,,1113.98
2/1/1978,36.10932479,3.157292105,7.740064471,26.34782609,618.46
3/1/1978,43.03989684,4.917593464,8.436909664,34.31304348,1120.09
4/1/1978,41.08364465,4.582580976,7.349973795,34.476,792.1
5/1/1978,50.65535552,9.337629909,1.482664427,34.24347826,741.89
6/1/1978,57.61276723,12.74652938,0.604068497,,438.35
7/1/1978,65.50242583,17.53830202,0.278026945,,194.31
8/1/1978,64.47032565,18.59309542,0.252065831,,92.45
9/1/1978,55.51271791,11.32124971,2.314691318,,113.22
10/1/1978,54.59344536,12.33377693,9.56E-05,,63.26
11/1/1978,36.88559844,4.285275842,2.861390496,,123.33
12/1/1978,32,3.240524207,2.181656093,,101.01
1/1/1979,32,2.611922901,6.990915945,,235.04
2/1/1979,33.30675241,2.900272409,10.67821295,9.834782609,300.9
3/1/1979,39.41689047,4.501594005,5.398216822,23.93043478,493.12
4/1/1979,42.6362151,5.606540193,3.145474714,21.692,505.36
5/1/1979,53.24534333,10.4624729,2.251867454,21.32608696,669.78
6/1/1979,58.76404516,15.66949111,0.102243832,,222.08
7/1/1979,64.09855207,17.15053892,0.384833538,,133.59
8/1/1979,62.36244536,15.60678809,0.861601824,,96.55
9/1/1979,62.13087922,16.66370985,0.217006091,,78.65
10/1/1979,50.84555527,8.51997397,5.847912664,,148.61
11/1/1979,38.60205403,4.502982328,4.097580516,,144.29
12/1/1979,36.83653724,4.414302138,7.445776444,,196.28
1/1/1980,35.57416413,3.103630039,11.9706623,,1447.38
2/1/1980,38.62524941,3.405420863,12.81393096,13.1173913,1158.06
3/1/1980,36.51630163,4.160962485,3.496147372,22.76086957,650.49
4/1/1980,45.15512817,6.673546252,2.789548532,25.82083333,579.84
5/1/1980,48.95937044,7.360518987,2.068176383,18.53913043,565.17
6/1/1980,53.82209846,10.07779567,1.078406611,,282.35
7/1/1980,65.27085659,16.46615685,0.645729677,,158.49
8/1/1980,62.58888333,16.24854801,0.141050287,,72.13
9/1/1980,58.81981201,13.39682638,0.541074856,,129.82
10/1/1980,51.83858413,10.90205675,1.309515776,,93.73
11/1/1980,42.22922829,6.014963673,1.285440855,,90.88
12/1/1980,38.19990297,4.235425915,6.585867312,,233.63
1/1/1981,37.47257202,3.60148897,8.830991646,,262.91
2/1/1981,37.16010675,3.823109343,3.672367972,12.42608696,362.23
3/1/1981,38.57098073,3.922590892,6.08346372,14.25217391,406.73
4/1/1981,46.65089317,7.336580942,1.795940468,17.6173913,385.54
5/1/1981,51.89370766,8.533331548,2.159426166,8.57826087,280.56
6/1/1981,62.22708948,15.36960701,0.091598135,,118.65
7/1/1981,66.19947417,19.76587348,0.001785316,,88.89
8/1/1981,67.52663252,21.36028435,0.00036384,,76.16
9/1/1981,61.26020757,15.91769059,1.499770278,,77.72
10/1/1981,46.16528657,6.591487709,6.647508371,,147
11/1/1981,41.57380522,3.80162588,17.62146693,,1240.39
12/1/1981,37.68643196,2.833830369,11.56976942,,1326.31
1/1/1982,32,2.625643222,6.548314513,,654.97
2/1/1982,36.08499292,3.557631236,6.177832494,15.25652174,1146.29
3/1/1982,35.24236415,2.883832837,9.85275614,14.38636364,883.28
4/1/1982,39.21964241,5.030702765,9.193290669,29.8,1689.18
5/1/1982,52.53482284,10.15324622,0.334048436,32.86,998.5
6/1/1982,56.40532799,10.09953053,1.34734727,,441.83
7/1/1982,62.83322189,14.48970767,0.472650217,,220.92
8/1/1982,64.75977742,16.45624878,0.187738265,,125.89
9/1/1982,56.2968963,10.98991592,2.469963423,,123.41
10/1/1982,47.30111911,6.33066032,6.457666474,,213.24
11/1/1982,36.23291951,3.290330345,8.625577248,,349.74
12/1/1982,32.02296631,2.657168179,8.578463349,,633.16
1/1/1983,34.9735881,3.387292582,9.577290706,,712.6
2/1/1983,35.79829343,2.943954224,14.38348372,25.03333333,1196.48
3/1/1983,36.47383602,2.458878858,15.8067055,40.78571429,2028.93
4/1/1983,38.03616196,4.016554813,5.421631258,53.12608696,1024.04
5/1/1983,50.3080185,9.35385902,1.229658984,55.40909091,1426.71
6/1/1983,56.88475696,11.06493676,1.116262137,,1121.71
7/1/1983,60.15525861,14.22390886,0.104915988,,367.98
8/1/1983,64.15707182,14.43097017,0.605186538,,197.33
9/1/1983,59.91276709,13.16554961,1.648659745,,145.98
10/1/1983,51.60679307,7.399495696,2.821386242,,156.1
11/1/1983,37.77890111,2.568440026,15.33205785,,747.03
12/1/1983,34.41004593,1.710598896,15.38542634,,1397.88
1/1/1984,35.46008637,4.069913717,0.754186553,,595.06
2/1/1984,35.751795,3.921595946,5.823389179,17.97391304,494.77
3/1/1984,41.69579073,5.270693012,4.272855674,23.8173913,710.73
4/1/1984,41.87032135,5.656153533,2.760890699,21.3,512.92
5/1/1984,53.93256545,10.37183895,0.941012158,17.73478261,510.64
6/1/1984,57.29101511,11.94582743,1.235190559,,278.06
7/1/1984,68.76460984,19.06660869,0.349227103,,154.28
8/1/1984,66.00443633,17.44598683,0.73969485,,98.07
9/1/1984,61.94206091,15.27728533,0.498223239,,111.31
10/1/1984,45.60124199,6.089421175,3.223811771,,130.68
11/1/1984,36.03920267,2.983465526,11.31396977,,324.12
12/1/1984,32,2.670320494,2.318180318,,194.81
1/1/1985,33.43865014,3.91881655,1.509313427,,157.98
2/1/1985,35.08141084,4.819358276,4.610093477,14.08695652,239.27
3/1/1985,34.48403531,4.0951194,6.378446384,18.27391304,328.8
4/1/1985,48.07704466,8.827920323,0.59962291,23.20833333,559.82
5/1/1985,50.91668352,9.12111224,0.248119426,9.669565217,290.17
6/1/1985,62.98794147,15.66164273,0.164168573,,131.52
7/1/1985,68.3025094,18.65370126,0.239913387,,101.55
8/1/1985,63.90156652,16.5035382,0.089433784,,83.72
9/1/1985,54.43689298,9.964781917,2.361452645,,99.13
10/1/1985,49.07842431,8.314237251,1.587438644,,92.59
11/1/1985,34.73693612,3.638414592,6.596698789,,139.581
12/1/1985,33.68417559,3.659700723,3.917257879,,198.717
1/1/1986,39.55031711,3.996802897,7.875077124,,517.788
2/1/1986,37.8822024,3.262400604,23.23248519,15.7826087,2677.102
3/1/1986,43.25514342,5.139691253,8.783962021,25.52173913,1489.438
4/1/1986,44.25436036,5.739780166,2.051472812,22.84166667,584.061
5/1/1986,51.27532393,9.654559426,2.088199327,13.46521739,445.865
6/1/1986,61.29733699,13.45678402,0.131401618,,223.909
7/1/1986,63.75215435,14.93919535,0.237576364,,132.61
8/1/1986,67.87516222,20.07759456,0.031322706,,100.536
9/1/1986,52.67157325,9.333317323,5.376218038,,157.899
10/1/1986,49.52649215,7.72180469,0.82627143,,121.703
11/1/1986,42.84333692,6.170798249,0.704693336,,104.251
12/1/1986,36.15286542,3.70300204,1.691482223,,119.888
1/1/1987,32,2.74225435,5.886139255,,171.685
2/1/1987,35.29200502,3.64881217,5.7522083,9.830434783,312.597
3/1/1987,37.50500524,3.990898337,6.787662647,13.2826087,582.86
4/1/1987,49.93112006,9.412457402,0.577448598,15.44583333,298.867
5/1/1987,53.90702283,8.992621642,0.999123138,3.841176471,190.24
6/1/1987,61.34650984,14.20355197,0.289691899,,107.223
7/1/1987,61.68731353,14.68001411,0.419203798,,79.786
8/1/1987,66.52072437,20.08805989,0.000463153,,73.376
9/1/1987,61.80166745,17.11923415,0.032818553,,64.623
10/1/1987,56.15549687,11.934086,0.957135338,,64.069
11/1/1987,40.73228094,3.882935409,2.439056525,,85.493
12/1/1987,32,2.07123928,10.88483704,,352.855
1/1/1988,32.07040355,2.877763539,5.900176102,,289.595
2/1/1988,39.21677259,5.745460014,1.054369373,14.90909091,185.08
3/1/1988,41.56598575,6.131601841,1.277739735,15.2,250.878
4/1/1988,45.63935615,6.285082444,3.238271444,7.65,238.061
5/1/1988,48.83417367,8.002879231,2.080379274,4.434782609,220.487
6/1/1988,58.83485793,11.90890578,1.194710161,,138.903
7/1/1988,69.96180039,20.80997691,0.368288533,,92.768
8/1/1988,68.17561299,19.73357323,0.027688085,,74.867
9/1/1988,61.77959513,17.75741387,0.052660998,,55.69
10/1/1988,57.11804152,13.27577844,0.443134255,,58.048
11/1/1988,38.35760666,2.832035349,11.08971343,,242.706
12/1/1988,32.75012191,3.397132041,4.723049531,,120.443
1/1/1989,32,2.769815655,2.837336876,,141.536
2/1/1989,32,2.90511858,3.26445985,14.33913043,204.879
3/1/1989,39.20371614,3.43941465,15.3849457,16.75217391,1516.55
4/1/1989,48.04352403,8.03260329,2.137378979,21.0875,682.637
5/1/1989,50.35821084,7.620497742,1.655493932,9.343478261,308.51
6/1/1989,59.67265661,11.13443835,1.016143123,,161.767
7/1/1989,64.57136554,17.06299423,0.00289481,,80.02
8/1/1989,61.69663141,14.0517269,0.794590495,,78.199
9/1/1989,58.06402233,12.08848919,2.716440598,,91.913
10/1/1989,47.46320098,7.387204577,6.51642983,,152.176
11/1/1989,41.46151988,5.636206358,3.40945797,,132.162
12/1/1989,37.74327754,5.570866009,0.056916954,,68.082
1/1/1990,32.76930137,3.06777185,6.889169581,,250.376
2/1/1990,32,2.979323149,5.449641961,7.856521739,171.719
3/1/1990,39.8280611,4.846848589,2.748387492,15.36521739,397.661
4/1/1990,48.41129765,6.624344439,1.421391981,11.94583333,317.709
5/1/1990,48.72646398,7.225597714,4.97643237,2.008695652,216.607
6/1/1990,56.50160606,11.53023262,0.647805926,,212.01
7/1/1990,66.75305248,16.6036011,0.266768414,,95.47
8/1/1990,64.30835259,15.89915092,0.527204135,,70.97
9/1/1990,60.28357979,14.21476826,0.959279876,,86.066
10/1/1990,52.53007309,10.81511684,0.796361071,,40.225
11/1/1990,39.77756873,5.880729273,1.55666056,,66.032
12/1/1990,32,3.585614138,1.717557726,,61.803
1/1/1991,34.77746719,4.442355082,0.897148896,,69.429
2/1/1991,43.03544318,6.225986053,2.396976919,3.568181818,96.989
3/1/1991,33.22063342,2.806917286,16.33576821,3.069565217,538.962
4/1/1991,41.3729145,5.56855813,1.864083566,18.02916667,397.277
5/1/1991,46.52419072,6.460443005,2.391869757,12.14347826,363.595
6/1/1991,55.86482298,11.23832367,1.138170351,,186.385
7/1/1991,67.71159369,17.86156465,0.78098647,,104.134
8/1/1991,64.56380357,15.43549705,0.554607024,,73.344
9/1/1991,64.28634656,17.65064202,0.212626264,,58.389
10/1/1991,55.19408345,13.27567868,2.644286451,,60.416
11/1/1991,42.20789649,5.280456571,2.642749493,,71.61
12/1/1991,34.74630875,3.640409009,3.834778943,,89.476
1/1/1992,34.68947078,3.778831949,2.418321236,,100.83
2/1/1992,38.61856105,3.102302977,9.626974943,8.509090909,385.735
3/1/1992,41.22171335,4.277229465,3.690606306,17.76818182,342.576
4/1/1992,48.54806799,7.294629877,2.281654324,15.2875,370.287
5/1/1992,58.28492584,12.25083053,0.416883598,5.361904762,171.78
6/1/1992,60.258816,12.0861468,1.745631415,,96.952
7/1/1992,64.21599023,14.46019939,0.519079317,,86.471
8/1/1992,67.86274341,20.42996616,0.256538773,,65.894
9/1/1992,61.44430329,15.66166627,0.029361851,,55.513
10/1/1992,54.01127439,9.799444429,3.467000551,,72.954
11/1/1992,40.04246255,4.681505319,1.35212656,,67
12/1/1992,32,2.185078427,12.29037152,,230.858
1/1/1993,32,2.081266178,15.5175483,,672.22
2/1/1993,32,1.789223329,9.859211688,34.14583333,565.937
3/1/1993,42.1690592,3.424274355,5.526303005,45.30833333,1361.135
4/1/1993,42.62408655,4.586888513,3.453102072,39.692,950.481
5/1/1993,51.53979709,7.457159724,2.422381553,32,905.081
6/1/1993,56.1658433,11.14920853,2.712485747,,520.639
7/1/1993,62.23522427,14.05373635,0.03039248,,166.619
8/1/1993,63.98627725,15.92678876,0.465282377,,107.333
9/1/1993,60.40270444,15.58105947,0.05999538,,93.236
10/1/1993,51.97830515,7.983210342,3.250565382,,99.448
11/1/1993,39.32130554,5.51997277,2.392069538,,95.624
12/1/1993,33.75389351,2.334413337,5.475193221,,153.724
1/1/1994,36.28625802,3.719069925,2.701603685,,152.398
2/1/1994,32.66944664,2.728327455,7.856760103,9.508695652,226.422
3/1/1994,42.43767874,5.640662177,1.644690404,18.99565217,329.761
4/1/1994,45.49155304,6.589208817,2.144148838,14.20833333,271.277
5/1/1994,52.07142513,7.676301578,2.296942071,7.505,250.107
6/1/1994,59.21116127,14.52909951,0.173425089,,107.576
7/1/1994,70.03864299,21.79067317,0.015085774,,76.951
8/1/1994,66.70114877,21.46357143,3.65E-05,,65.957
9/1/1994,61.5425205,15.93819991,0.475851701,,62.073
10/1/1994,49.34703048,8.364122574,0.75326716,,60.231
11/1/1994,32.38840124,2.605106509,7.802699123,,103.701
12/1/1994,32.68931258,2.215790084,7.16458408,,204.036
1/1/1995,33.77213143,1.205798144,24.05616664,,1520.721
2/1/1995,42.07626603,5.248020829,2.171455663,37.94347826,606.254
3/1/1995,36.4528804,2.484866814,20.81718455,36.89130435,2282.679
4/1/1995,40.83331777,4.474756093,7.912598439,46.11666667,1337.531
5/1/1995,48.3698305,6.157061063,5.54843222,46.24090909,1682.166
6/1/1995,55.73068282,9.590039444,3.298476058,,869.994
7/1/1995,63.8709556,14.36104782,0.381077579,,353.759
8/1/1995,65.25270279,17.87333588,0.000287275,,153.155
9/1/1995,62.42520252,15.70814382,0,,105.283
10/1/1995,52.81983146,11.64917162,0.072242288,,104.412
11/1/1995,46.67811444,6.000827786,0.49708194,,107.618
12/1/1995,36.8343801,2.269224523,11.15764416,,351.054
1/1/1996,35.85963869,2.801133876,11.40918112,,460.223
2/1/1996,37.57680608,2.96235537,12.76971283,14.50434783,1279.219
3/1/1996,39.87600853,4.469184192,5.624090143,19.27826087,857.386
4/1/1996,44.33187656,6.030118986,5.296621142,21.5625,882.222
5/1/1996,50.29251249,7.86593811,6.605810495,18.75909091,1018.203
6/1/1996,60.66046545,13.12634488,0.351788967,,337.321
7/1/1996,70.25747427,19.20282254,0.497973724,,170.33
8/1/1996,68.61438381,20.26331717,0.274351859,,110.92
9/1/1996,59.10827828,14.45637065,1.126766412,,103.962
10/1/1996,50.08596415,9.893026246,2.054403033,,105.277
11/1/1996,41.89545818,4.344388972,5.655605706,,222.976
12/1/1996,35.88955705,2.373081858,22.73227916,,1506.298
1/1/1997,34.82463618,2.300417512,17.39711516,,2539.49
2/1/1997,37.34079275,3.908203151,0.745394275,20.26956522,530.446
3/1/1997,43.08307636,6.139736558,2.654254796,20.03043478,532.058
4/1/1997,44.57353138,5.93219238,2.342843106,15.90833333,496.537
5/1/1997,55.8987244,10.85167337,0.904234666,7.036363636,325.351
6/1/1997,58.42996288,10.72836195,1.866711695,,187.088
7/1/1997,65.29988966,16.66933896,0.422433732,,116.11
8/1/1997,65.414606,17.26528656,0.500945323,,100.942
9/1/1997,60.16053987,12.94072099,0.906518696,,91.791
10/1/1997,49.04083952,8.159808972,2.842787598,,103.433
11/1/1997,41.81961555,3.955472598,7.177540786,,192.235
12/1/1997,33.14383151,2.9677804,4.643521289,,232.756
1/1/1998,34.64354005,1.798036505,15.2576314,,970.336
2/1/1998,32.09835709,1.163179093,16.93492048,19.97391304,1116.98
3/1/1998,38.72420626,3.759076616,5.304321695,41.02608696,981.205
4/1/1998,40.22671243,4.776758197,3.927354412,37.92083333,886.443
5/1/1998,43.00960927,3.333169665,6.705910461,27.97777778,1081.941
6/1/1998,55.83933706,8.176767636,2.135690713,,976.941
7/1/1998,67.68747139,16.95028947,0.335502415,,369.715
8/1/1998,67.95898336,20.73225341,0.031612171,,161.161
9/1/1998,61.61400876,12.87160075,1.713390905,,125.966
10/1/1998,48.04700791,7.383489856,1.284831681,,128.687
11/1/1998,37.9829085,2.742716213,9.877174102,,338.904
12/1/1998,32.02815488,3.41115602,5.017869506,,419.991
1/1/1999,36.03582581,3.645580205,7.887915168,,567.844
2/1/1999,33.68390916,2.334982882,12.79329901,16.66086957,952.118
3/1/1999,37.36587521,3.63244007,4.667716579,29.51304348,810.591
4/1/1999,41.27352429,6.054152019,2.958426635,29.75833333,682.722
5/1/1999,51.25172291,9.167717298,0.801908694,20.19,694.638
6/1/1999,58.39524235,12.66794019,0.630025593,,319.434
7/1/1999,65.64319271,18.40202967,0.115456759,,145.839
8/1/1999,64.06737127,15.84112129,0.418840568,,116.811
9/1/1999,63.09709439,17.61312627,0.162951517,,100.153
10/1/1999,54.92396705,13.30820061,2.310051671,,97.779
11/1/1999,44.09752177,5.573964745,4.45724615,,150.969
12/1/1999,36.54899803,4.417716742,1.657565792,,122.886
1/1/2000,34.90628858,2.292779845,11.20704566,,432.282
2/1/2000,36.93515027,2.315485025,15.96544491,12.96521739,978.003
3/1/2000,40.32508569,4.561243149,3.662341783,27.19130435,761.355
4/1/2000,47.1574429,6.857820148,2.648040235,27.06666667,698.406
5/1/2000,52.27749204,8.741310157,1.870354763,13.61111111,488.078
6/1/2000,62.83002781,15.51070016,0.443856582,,207.806
7/1/2000,64.29216778,16.95752502,0.005178876,,131.317
8/1/2000,67.25414107,20.18298352,0.006683614,,93.92
9/1/2000,59.48985787,13.75184032,0.651312283,,82.166
10/1/2000,49.83753377,8.569521468,3.755095424,,110.612
11/1/2000,37.05915583,4.017312547,1.677776306,,96.402
12/1/2000,38.34275622,4.414408622,2.22297414,,122.721
1/1/2001,33.34645259,3.8675195,3.880971473,,137.807
2/1/2001,32.59146549,2.799777703,7.749507713,8.795652174,211.544
3/1/2001,43.27463659,5.366435733,3.479387461,18.32173913,396.483
4/1/2001,41.06722419,5.359261161,2.956515911,15.428,338.608
5/1/2001,59.9719903,14.67990422,0.121544362,10.205,296.999
6/1/2001,61.29754586,15.42952636,0.357838143,,107.057
7/1/2001,67.15607544,18.44709514,0.265728038,,85.965
8/1/2001,68.54937733,21.61740599,6.21E-06,,70.958
9/1/2001,63.3583841,15.97057716,0.663234484,,65.448
10/1/2001,56.20194703,13.00304633,1.282879088,,62.706
11/1/2001,41.83721767,4.120694753,7.566102259,,170.769
12/1/2001,32.68307348,1.592799584,11.07639172,,365.572
1/1/2002,32.46044375,2.747737902,4.643758891,,492.404
2/1/2002,38.76539483,4.58766662,2.789814976,19.73043478,304.058
3/1/2002,37.88627335,5.018043383,4.532839824,21.8,446.205
4/1/2002,46.47828319,6.550464206,1.794798133,23.27083333,506.283
5/1/2002,50.80943225,8.58240277,1.200062532,5.555555556,341.317
6/1/2002,62.18985638,14.76824083,0.076323396,,160.623
7/1/2002,70.5927123,21.20119097,0.115634525,,95.026
8/1/2002,66.92959898,20.00924002,1.01E-05,,74.983
9/1/2002,62.22975231,17.60248784,0.002038751,,64.387
10/1/2002,51.31846333,10.90051917,0.034444183,,52.575
11/1/2002,42.88442386,5.952575209,6.200868584,,134.622
12/1/2002,35.0189182,2.193424151,18.32910575,,661.925
1/1/2003,41.01737527,3.512607734,5.172205857,,742.83
2/1/2003,36.4439569,3.882866941,2.542571246,18.56956522,369.901
3/1/2003,40.479535,4.238629117,4.94535634,19.45416667,568.627
4/1/2003,37.97409525,3.278967619,8.145111608,17.53333333,638.715
5/1/2003,51.75237721,9.039732276,2.166665768,23.50909091,839.316
6/1/2003,63.4657816,15.20203563,0.078648818,,347.487
7/1/2003,70.6099168,21.36058332,0.117595702,,135.459
8/1/2003,65.39907619,15.81099414,1.247258217,,116.945
9/1/2003,64.6945148,18.75290962,0.068616493,,84.186
10/1/2003,56.71486087,13.4118477,0.119125557,,73.791
11/1/2003,36.34352954,3.007728954,3.364935429,,105.863
12/1/2003,34.43431782,1.919133016,12.836957,,399.133
1/1/2004,34.15553721,2.5766764,4.920187745,,322.91
2/1/2004,34.13626599,2.429302761,11.73998873,20.10869565,782.76
3/1/2004,47.11983074,7.421808695,1.697934687,30.37391304,723.627
4/1/2004,46.88789868,7.644875374,1.139197654,25.46666667,518.782
5/1/2004,52.16788086,9.030404104,1.302584964,16.99090909,405.152
6/1/2004,61.55211451,14.08613396,0.34525928,,191.513
7/1/2004,68.23206749,18.64886193,0.165019014,,109.112
8/1/2004,66.80176561,19.28705241,0.071037512,,92.305
9/1/2004,60.58665158,16.75247575,0.309220161,,75.185
10/1/2004,49.07110241,8.909863811,5.689013639,,124.378
11/1/2004,39.54180095,4.273932921,2.325200523,,109.423
12/1/2004,36.16726436,3.73742367,7.497826028,,233.31
1/1/2005,34.4530796,3.03762225,7.265917264,,299.212
2/1/2005,38.23862516,3.362417533,3.27498012,20.09130435,326.244
3/1/2005,41.39854489,5.273292534,7.612149841,23.13913043,684.203
4/1/2005,42.56023617,5.329020047,3.086175785,26.65416667,597.63
5/1/2005,50.7165513,7.102488117,6.63129999,24.22,1116.446
6/1/2005,54.99486267,9.649062027,2.04235376,,393.379
7/1/2005,70.80949067,20.20866962,0.001310928,,171.738
8/1/2005,68.25957671,20.67677242,0.016683096,,111.526
9/1/2005,58.09165254,13.27924123,0.598930269,,98.989
10/1/2005,51.13716846,8.727546212,1.152515565,,85.333
11/1/2005,43.09407403,5.226725185,4.657810205,,143.851
12/1/2005,37.02746957,2.35251238,20.16107961,,1353.412
1/1/2006,35.20097517,2.421965247,9.196959103,,1023.428
2/1/2006,37.72738629,4.867600612,6.522088186,12.76956522,724.734
3/1/2006,32.61710282,2.127450793,10.71986095,15.1173913,1133.094
4/1/2006,42.43597128,4.006292247,10.31053713,28.92083333,1706.164
5/1/2006,54.65509437,9.93442494,1.255311882,38.15454545,1206.269
6/1/2006,63.55289645,15.38914304,0.320433812,,421.79
7/1/2006,70.80881415,21.89051137,0.125694586,,193.055
8/1/2006,65.69079394,18.88421001,0.003315823,,126.886
9/1/2006,61.56763712,17.37929702,0.010399209,,94.261
10/1/2006,50.44837341,9.282795001,0.379709629,,97.688
11/1/2006,40.53594727,3.695826155,4.114153391,,138.27
12/1/2006,35.50102177,3.603163008,6.101356623,,283.135
1/1/2007,33.29698098,4.478012894,0.830261511,,181.02
2/1/2007,37.27675082,3.480693075,11.36889582,6.591304348,466.97
3/1/2007,44.38342827,6.677744125,1.281769527,15.54761905,441.136
4/1/2007,45.81890473,6.987243319,2.468795215,10.34583333,309.501
5/1/2007,54.7002739,11.71214804,0.960914224,7.477272727,225.479
6/1/2007,61.08544103,14.95969186,0.524583564,,109.614
7/1/2007,69.06028043,20.46383472,0.375534873,,114.32
8/1/2007,67.79810949,20.63306635,0.041306581,,93.192
9/1/2007,58.51544415,13.55368651,0.713980717,,80.06
10/1/2007,48.04431823,6.801387415,3.075663886,,90.99
11/1/2007,44.47131849,6.439812706,0.948229688,,74.418
12/1/2007,32,2.557436443,5.076441179,,115.759
1/1/2008,32,2.412023815,10.51966245,,228.501
2/1/2008,35.46007969,3.827880159,6.008759159,19.91363636,238.787
3/1/2008,39.51436411,5.062758123,1.416572763,27.53043478,363.686
4/1/2008,42.94734651,7.071719468,0.575492559,24.0125,357.865
5/1/2008,52.55884735,9.889699283,0.968379469,15.4,417.721
6/1/2008,60.89346628,15.9427831,0.008902057,,144.681
7/1/2008,68.81911031,21.0315465,0.007214195,,88.451
8/1/2008,69.40678094,21.91598878,0.010728463,,65.677
9/1/2008,63.36005335,19.21178302,0.017646877,,52
10/1/2008,52.45359987,11.16981835,1.987883079,,64.408
11/1/2008,44.79127897,5.115432179,4.707385304,,127.165
12/1/2008,33.21574603,3.430100588,4.928566451,,113.053
1/1/2009,38.31916302,4.970870611,2.866528493,,171.945
2/1/2009,35.51553304,3.178003973,9.943727651,8.543478261,476.039
3/1/2009,38.11933653,4.461144226,7.221130371,17.10434783,777.352
4/1/2009,44.28526211,7.239690531,0.816603938,19.60833333,409.575
5/1/2009,56.24017931,11.61937144,4.206880783,11.14545455,606.691
6/1/2009,58.34654461,11.3176547,1.387520024,,176.126
7/1/2009,69.20473942,21.99449037,0.078634514,,85.311
8/1/2009,66.7616601,19.62690621,0.172507756,,77.836
9/1/2009,65.3797419,19.55468421,0.103613412,,61.29
10/1/2009,48.75120688,7.698205996,3.569508446,,93.116
11/1/2009,42.15127086,5.68127588,2.019597402,,74.986
12/1/2009,32.1242437,2.924538976,4.881467306,,113.091
1/1/2010,36.42157384,2.357300257,10.99528661,,347.656
2/1/2010,37.65719114,3.245748684,5.130292426,19.23913043,314.851
3/1/2010,39.13519859,5.38736838,4.819940583,22.8,437.679
4/1/2010,39.85754838,4.648417392,6.248510084,25.5,618.019
5/1/2010,44.99672971,6.405493726,2.758080579,28.43,682.922
6/1/2010,58.92721903,11.7056114,0.313376006,,548.805
7/1/2010,68.76202752,19.49120517,0.149869622,,180.96
8/1/2010,65.22126592,18.22681256,0.139645576,,93.708
9/1/2010,61.86769927,16.22590367,0.079164265,,79.941
10/1/2010,52.72327957,8.581496293,5.986619506,,136.22
11/1/2010,38.89666118,4.522405475,5.964187683,,153.042
12/1/2010,35.87894076,2.024518275,13.59844168,,787.043
1/1/2011,37.20357551,4.359885691,1.60056569,,361.51
2/1/2011,33.48386476,3.840654104,7.727026139,18.27272727,372.83
3/1/2011,35.96258287,2.554687754,13.66770073,27.55714286,1111.087
4/1/2011,41.55991396,5.053487776,2.814308211,41.93181818,1165.022
5/1/2011,46.18012768,6.557915173,3.673495598,42.09545455,983.306
6/1/2011,56.19179314,10.21020693,3.106821154,,906.048
7/1/2011,65.4567059,15.85721814,0.020674899,,351.455
8/1/2011,67.37195263,19.03544469,0,,147.176
9/1/2011,65.49323409,18.1459231,0.339664755,,104.036
10/1/2011,52.21253302,8.513714813,3.026914858,,124.021
11/1/2011,39.11262997,4.270393715,1.77634273,,118.282
12/1/2011,36.1355463,5.025909949,0.227702219,,84.93
1/1/2012,38.07530329,5.019384339,6.285332518,,186.687
2/1/2012,36.92594986,4.305019259,1.900040139,4.627272727,156.09
3/1/2012,37.54422899,3.685897212,11.98514458,5.2,679.953
4/1/2012,44.83603074,6.253254959,5.587626208,14.2875,693.639
5/1/2012,53.7570675,10.93106062,0.396064247,11.70909091,399.459
6/1/2012,59.23003987,14.01544987,0.872116273,,150.46
7/1/2012,67.44321809,18.97572134,0.113841005,,113.283
8/1/2012,70.69905284,23.29962199,0.049866947,,89.815
9/1/2012,65.80371932,19.4077398,0.019728141,,62.759
10/1/2012,53.77559649,10.67773158,2.110597452,,73.825
11/1/2012,43.43761507,4.908674345,9.314546017,,282.098
12/1/2012,32.77982085,2.054454027,16.04760184,,950.462
1/1/2013,32.74064275,3.959546669,1.30437999,,270.653
2/1/2013,37.06025201,5.051613134,0.642960671,13.50869565,233.838
3/1/2013,43.84053754,6.216490647,2.680407654,13.49565217,415.326
4/1/2013,47.96439496,8.231842757,1.447535974,10.6625,350.779
5/1/2013,53.35158261,9.650640691,1.206779822,3.159090909,174.833
6/1/2013,62.49272351,15.06968812,1.182004725,,138.12
7/1/2013,71.7002327,22.30141933,0.227531041,,91.934
8/1/2013,66.23050733,18.27520179,0.151206478,,77.788
9/1/2013,59.95309821,13.03375452,1.527900858,,70.029
10/1/2013,49.65174103,9.541787098,0.745277671,,76.87
11/1/2013,44.06384048,6.362238671,1.497337727,,79.531
12/1/2013,34.97435599,4.981201943,0.542666104,,73.923
1/1/2014,41.73098644,6.531549004,1.056764398,,78.373
2/1/2014,39.25266881,3.909790253,8.471132852,0.394736842,257.511
3/1/2014,42.67597614,5.375697447,8.662203853,1.928571429,460.912
4/1/2014,46.65112245,7.294418221,1.674456137,4.545454545,289.83
5/1/2014,54.4499682,11.39013781,0.586338396,2.204545455,125.938
6/1/2014,62.44188559,16.27148245,0.056537087,,79.842
7/1/2014,72.48503916,22.25391441,0.268374731,,73.079
8/1/2014,67.42201444,17.37621253,1.058226998,,68.096
9/1/2014,63.35234281,15.99296052,0.862435023,,56.604
10/1/2014,54.84220271,11.12046653,1.901676221,,53.776
11/1/2014,43.6733939,5.2591962,3.47776573,,89.516
12/1/2014,37.53113002,1.907239453,13.05584462,,594.58
1/1/2015,41.85593716,5.078305835,0.155193599,,177.863
2/1/2015,44.67787324,6.064017885,5.623831482,3.947368421,442.11
3/1/2015,47.186417,7.525759704,0.857795896,2.619047619,157.105
4/1/2015,46.05875789,7.686010658,1.973511706,2.136363636,121.395
5/1/2015,52.34112794,8.279664598,1.358864961,1.9,97.145
6/1/2015,66.17343581,17.67777379,0.393223717,,84.953
7/1/2015,67.63530941,16.76417514,1.061643063,,74.819
8/1/2015,68.33375243,19.84803751,0.153622767,,66.164
9/1/2015,63.53991404,17.69351337,0.27312332,,56.331
10/1/2015,56.33690338,10.49863506,1.308972302,,58.324
11/1/2015,37.73050225,3.942369332,3.441177225,,66.905
12/1/2015,32.5468116,1.908973381,8.957504785,,229.287
1/1/2016,34.65443883,2.076057869,12.96871421,,677.388
2/1/2016,42.47488423,5.749371186,2.351424598,17.5,433.873
3/1/2016,41.56954921,4.109161088,14.08442107,18.0952381,1511.14
4/1/2016,48.45291593,6.998093634,2.218756184,22.08333333,542.782
5/1/2016,52.43079525,7.911215738,2.076433568,11.5,355.825
6/1/2016,63.02380159,15.8461699,0.597883239,,155.113
7/1/2016,67.83113977,20.01606162,7.77E-06,,82.813
8/1/2016,69.42328212,21.9646846,0.038576834,,68.947
9/1/2016,62.32169637,16.50331312,0.04038817,,66.32
10/1/2016,49.48617946,6.865861438,8.684554541,,182.031
11/1/2016,42.65119587,4.594283386,4.308504972,,190.911
12/1/2016,34.12060477,2.982476149,10.13570449,,784.425
1/1/2017,32,1.934047949,20.57838772,,1598.171
2/1/2017,36.41126115,2.371280113,19.43904526,23.11904762,2919.938
3/1/2017,42.06956717,4.827365351,5.660203782,33.2826087,1215.983
4/1/2017,42.97230197,4.954591188,7.738465715,33.91666667,1513.366
5/1/2017,55.02120914,10.77033102,0.493619049,31.925,939.669
6/1/2017,63.01800106,14.71381455,0.734798426,,406.938
7/1/2017,71.10463009,21.49835218,0.025960469,,196.835
8/1/2017,72.09398997,20.98647369,0.226149793,,127.682
9/1/2017,61.49347384,14.66055911,0.664381497,,95.386
10/1/2017,52.11248421,10.84239583,0.732602683,,98.983
11/1/2017,42.69896461,3.54773592,9.927370496,,257.222
12/1/2017,39.37118304,5.683841678,0.602909294,,155.7
1/1/2018,39.5213209,3.349812043,6.372027448,,338.084
2/1/2018,36.27485062,5.148617163,0.782132363,4.2,180.756
3/1/2018,36.55874404,3.527589492,12.27063497,3.4,877.641
4/1/2018,46.3401711,6.789398527,4.59292704,11.91666667,791.413
5/1/2018,54.28264689,8.333240308,1.587728746,5.875,273.881
6/1/2018,61.74616777,14.88220901,0.264437789,,143.055
7/1/2018,72.22740054,21.77227041,0.071379355,,103.505
8/1/2018,68.9914349,21.17937963,0.001955937,,95.588
9/1/2018,62.66240994,17.60350623,0.000503395,,73.46
10/1/2018,51.94710635,9.31706704,0.90257514,,67.391
11/1/2018,44.44582364,7.142875214,4.790547813,,103.846
12/1/2018,35.53800196,2.795347691,3.779631147,,163.295
1/1/2019,37.26280457,3.314719786,11.5256529,,560.463
2/1/2019,32,1.63471449,18.88525386,15.82608696,957.404
3/1/2019,37.40828125,3.376966143,7.695240656,29.69047619,1172.586
4/1/2019,48.65358592,6.893952411,2.846611076,41.89583333,1336.249
5/1/2019,49.68397049,6.946144418,4.874038464,31.97727273,905.44
6/1/2019,61.9723709,13.79977189,0.347631399,,469.285
7/1/2019,66.75021049,16.56054323,0.023386106,,199.394
8/1/2019,68.76868544,18.86396674,0.033828377,,125.101
9/1/2019,59.11736447,12.57663791,2.100386772,,110.137
10/1/2019,47.48815482,8.962898385,0.286756602,,97.923
11/1/2019,45.98560363,8.126418988,1.181177404,,100.398
12/1/2019,35.39830373,2.165901914,9.627546295,,325.595
1/1/2020,36.32991843,2.810933827,3.874800274,,257.164
2/1/2020,41.12572735,6.406521366,0.011405334,11,180.254
3/1/2020,37.56282248,3.916622554,5.000280897,9.214285714,215.46
4/1/2020,47.22711884,6.867866797,2.255701599,11.60526316,406.839
5/1/2020,53.58444119,9.806334993,3.147428454,5.361111111,295.125
6/1/2020,60.64840466,13.72560517,0.345114152,,139.108
7/1/2020,69.60524347,20.16224145,0.164583956,,94.889
8/1/2020,71.69816898,21.09032294,0.086328905,,77.756
9/1/2020,66.71592455,19.40840024,0.000357411,,61.779
10/1/2020,58.91372794,15.54792259,0.002926392,,73.44
11/1/2020,41.54236307,6.310253059,3.264347424,,69.623
12/1/2020,37.44053349,4.380964249,3.592407141,,107.802
1/1/2021,35.44121175,3.189192699,4.716966671,,142.789
2/1/2021,36.17014378,3.87264718,3.414656489,9.025,201.632
3/1/2021,37.27218383,4.6266082,3.284421011,15.60869565,213.782
4/1/2021,48.0506932,8.996819145,0.599220215,16.60416667,219.595
5/1/2021,54.77644039,11.43819106,0.265424041,5.815789474,136.858
6/1/2021,66.96605394,19.16111445,0.136572337,,88.619
7/1/2021,73.53701811,24.01770547,0.086182472,,70.112
8/1/2021,70.02360269,21.6256894,0.024613392,,56.391
9/1/2021,64.73957101,18.23117236,0.582270778,,56.281
